date,metric,unit,value
1978-11-01,Electricity price ($/kWh),$/kWh,0.046
1978-12-01,Electricity price ($/kWh),$/kWh,0.046
1979-01-01,Electricity price ($/kWh),$/kWh,0.046
1979-02-01,Electricity price ($/kWh),$/kWh,0.047
1979-03-01,Electricity price ($/kWh),$/kWh,0.047
1979-04-01,Electricity price ($/kWh),$/kWh,0.048
1979-05-01,Electricity price ($/kWh),$/kWh,0.049
1979-06-01,Electricity price ($/kWh),$/kWh,0.052
1979-07-01,Electricity price ($/kWh),$/kWh,0.053
1979-08-01,Electricity price ($/kWh),$/kWh,0.053
1979-09-01,Electricity price ($/kWh),$/kWh,0.053
1979-10-01,Electricity price ($/kWh),$/kWh,0.053
1979-11-01,Electricity price ($/kWh),$/kWh,0.051
1979-12-01,Electricity price ($/kWh),$/kWh,0.052
1980-01-01,Electricity price ($/kWh),$/kWh,0.053
1980-02-01,Electricity price ($/kWh),$/kWh,0.055
1980-03-01,Electricity price ($/kWh),$/kWh,0.056
1980-04-01,Electricity price ($/kWh),$/kWh,0.056
1980-05-01,Electricity price ($/kWh),$/kWh,0.058
1980-06-01,Electricity price ($/kWh),$/kWh,0.063
1980-07-01,Electricity price ($/kWh),$/kWh,0.064
1980-08-01,Electricity price ($/kWh),$/kWh,0.064
1980-09-01,Electricity price ($/kWh),$/kWh,0.065
1980-10-01,Electricity price ($/kWh),$/kWh,0.063
1980-11-01,Electricity price ($/kWh),$/kWh,0.061
1980-12-01,Electricity price ($/kWh),$/kWh,0.062
1981-01-01,Electricity price ($/kWh),$/kWh,0.063
1981-02-01,Electricity price ($/kWh),$/kWh,0.064
1981-03-01,Electricity price ($/kWh),$/kWh,0.065
1981-04-01,Electricity price ($/kWh),$/kWh,0.066
1981-05-01,Electricity price ($/kWh),$/kWh,0.067
1981-06-01,Electricity price ($/kWh),$/kWh,0.071
1981-07-01,Electricity price ($/kWh),$/kWh,0.073
1981-08-01,Electricity price ($/kWh),$/kWh,0.075
1981-09-01,Electricity price ($/kWh),$/kWh,0.074
1981-10-01,Electricity price ($/kWh),$/kWh,0.072
1981-11-01,Electricity price ($/kWh),$/kWh,0.071
1981-12-01,Electricity price ($/kWh),$/kWh,0.071
1982-01-01,Electricity price ($/kWh),$/kWh,0.073
1982-02-01,Electricity price ($/kWh),$/kWh,0.073
1982-03-01,Electricity price ($/kWh),$/kWh,0.075
1982-04-01,Electricity price ($/kWh),$/kWh,0.075
1982-05-01,Electricity price ($/kWh),$/kWh,0.075
1982-06-01,Electricity price ($/kWh),$/kWh,0.079
1982-07-01,Electricity price ($/kWh),$/kWh,0.079
1982-08-01,Electricity price ($/kWh),$/kWh,0.079
1982-09-01,Electricity price ($/kWh),$/kWh,0.079
1982-10-01,Electricity price ($/kWh),$/kWh,0.077
1982-11-01,Electricity price ($/kWh),$/kWh,0.074
1982-12-01,Electricity price ($/kWh),$/kWh,0.075
1983-01-01,Electricity price ($/kWh),$/kWh,0.075
1983-02-01,Electricity price ($/kWh),$/kWh,0.075
1983-03-01,Electricity price ($/kWh),$/kWh,0.076
1983-04-01,Electricity price ($/kWh),$/kWh,0.075
1983-05-01,Electricity price ($/kWh),$/kWh,0.077
1983-06-01,Electricity price ($/kWh),$/kWh,0.081
1983-07-01,Electricity price ($/kWh),$/kWh,0.082
1983-08-01,Electricity price ($/kWh),$/kWh,0.082
1983-09-01,Electricity price ($/kWh),$/kWh,0.082
1983-10-01,Electricity price ($/kWh),$/kWh,0.08
1983-11-01,Electricity price ($/kWh),$/kWh,0.077
1983-12-01,Electricity price ($/kWh),$/kWh,0.077
1984-01-01,Electricity price ($/kWh),$/kWh,0.078
1984-02-01,Electricity price ($/kWh),$/kWh,0.079
1984-03-01,Electricity price ($/kWh),$/kWh,0.079
1984-04-01,Electricity price ($/kWh),$/kWh,0.08
1984-05-01,Electricity price ($/kWh),$/kWh,0.081
1984-06-01,Electricity price ($/kWh),$/kWh,0.086
1984-07-01,Electricity price ($/kWh),$/kWh,0.087
1984-08-01,Electricity price ($/kWh),$/kWh,0.089
1984-09-01,Electricity price ($/kWh),$/kWh,0.084
1984-10-01,Electricity price ($/kWh),$/kWh,0.081
1984-11-01,Electricity price ($/kWh),$/kWh,0.079
1984-12-01,Electricity price ($/kWh),$/kWh,0.078
1985-01-01,Electricity price ($/kWh),$/kWh,0.079
1985-02-01,Electricity price ($/kWh),$/kWh,0.079
1985-03-01,Electricity price ($/kWh),$/kWh,0.079
1985-04-01,Electricity price ($/kWh),$/kWh,0.08
1985-05-01,Electricity price ($/kWh),$/kWh,0.08
1985-06-01,Electricity price ($/kWh),$/kWh,0.085
1985-07-01,Electricity price ($/kWh),$/kWh,0.085
1985-08-01,Electricity price ($/kWh),$/kWh,0.085
1985-09-01,Electricity price ($/kWh),$/kWh,0.0835
1985-10-01,Electricity price ($/kWh),$/kWh,0.082
1985-11-01,Electricity price ($/kWh),$/kWh,0.08
1985-12-01,Electricity price ($/kWh),$/kWh,0.08
1986-01-01,Electricity price ($/kWh),$/kWh,0.081
1986-02-01,Electricity price ($/kWh),$/kWh,0.075
1986-03-01,Electricity price ($/kWh),$/kWh,0.075
1986-04-01,Electricity price ($/kWh),$/kWh,0.074
1986-05-01,Electricity price ($/kWh),$/kWh,0.074
1986-06-01,Electricity price ($/kWh),$/kWh,0.08
1986-07-01,Electricity price ($/kWh),$/kWh,0.08
1986-08-01,Electricity price ($/kWh),$/kWh,0.08
1986-09-01,Electricity price ($/kWh),$/kWh,0.08
1986-10-01,Electricity price ($/kWh),$/kWh,0.074
1986-11-01,Electricity price ($/kWh),$/kWh,0.073
1986-12-01,Electricity price ($/kWh),$/kWh,0.073
1987-01-01,Electricity price ($/kWh),$/kWh,0.075
1987-02-01,Electricity price ($/kWh),$/kWh,0.076
1987-03-01,Electricity price ($/kWh),$/kWh,0.076
1987-04-01,Electricity price ($/kWh),$/kWh,0.076
1987-05-01,Electricity price ($/kWh),$/kWh,0.076
1987-06-01,Electricity price ($/kWh),$/kWh,0.084
1987-07-01,Electricity price ($/kWh),$/kWh,0.084
1987-08-01,Electricity price ($/kWh),$/kWh,0.085
1987-09-01,Electricity price ($/kWh),$/kWh,0.084
1987-10-01,Electricity price ($/kWh),$/kWh,0.078
1987-11-01,Electricity price ($/kWh),$/kWh,0.077
1987-12-01,Electricity price ($/kWh),$/kWh,0.077
1988-01-01,Electricity price ($/kWh),$/kWh,0.078
1988-02-01,Electricity price ($/kWh),$/kWh,0.078
1988-03-01,Electricity price ($/kWh),$/kWh,0.078
1988-04-01,Electricity price ($/kWh),$/kWh,0.077
1988-05-01,Electricity price ($/kWh),$/kWh,0.077
1988-06-01,Electricity price ($/kWh),$/kWh,0.084
1988-07-01,Electricity price ($/kWh),$/kWh,0.084
1988-08-01,Electricity price ($/kWh),$/kWh,0.084
1988-09-01,Electricity price ($/kWh),$/kWh,0.084
1988-10-01,Electricity price ($/kWh),$/kWh,0.08
1988-11-01,Electricity price ($/kWh),$/kWh,0.078
1988-12-01,Electricity price ($/kWh),$/kWh,0.078
1989-01-01,Electricity price ($/kWh),$/kWh,0.079
1989-02-01,Electricity price ($/kWh),$/kWh,0.079
1989-03-01,Electricity price ($/kWh),$/kWh,0.079
1989-04-01,Electricity price ($/kWh),$/kWh,0.079
1989-05-01,Electricity price ($/kWh),$/kWh,0.08
1989-06-01,Electricity price ($/kWh),$/kWh,0.086
1989-07-01,Electricity price ($/kWh),$/kWh,0.086
1989-08-01,Electricity price ($/kWh),$/kWh,0.086
1989-09-01,Electricity price ($/kWh),$/kWh,0.086
1989-10-01,Electricity price ($/kWh),$/kWh,0.081
1989-11-01,Electricity price ($/kWh),$/kWh,0.08
1989-12-01,Electricity price ($/kWh),$/kWh,0.081
1990-01-01,Electricity price ($/kWh),$/kWh,0.081
1990-02-01,Electricity price ($/kWh),$/kWh,0.081
1990-03-01,Electricity price ($/kWh),$/kWh,0.081
1990-04-01,Electricity price ($/kWh),$/kWh,0.082
1990-05-01,Electricity price ($/kWh),$/kWh,0.082
1990-06-01,Electricity price ($/kWh),$/kWh,0.088
1990-07-01,Electricity price ($/kWh),$/kWh,0.087
1990-08-01,Electricity price ($/kWh),$/kWh,0.087
1990-09-01,Electricity price ($/kWh),$/kWh,0.088
1990-10-01,Electricity price ($/kWh),$/kWh,0.083
1990-11-01,Electricity price ($/kWh),$/kWh,0.082
1990-12-01,Electricity price ($/kWh),$/kWh,0.082
1991-01-01,Electricity price ($/kWh),$/kWh,0.084
1991-02-01,Electricity price ($/kWh),$/kWh,0.084
1991-03-01,Electricity price ($/kWh),$/kWh,0.085
1991-04-01,Electricity price ($/kWh),$/kWh,0.084
1991-05-01,Electricity price ($/kWh),$/kWh,0.085
1991-06-01,Electricity price ($/kWh),$/kWh,0.09
1991-07-01,Electricity price ($/kWh),$/kWh,0.091
1991-08-01,Electricity price ($/kWh),$/kWh,0.09
1991-09-01,Electricity price ($/kWh),$/kWh,0.091
1991-10-01,Electricity price ($/kWh),$/kWh,0.087
1991-11-01,Electricity price ($/kWh),$/kWh,0.084
1991-12-01,Electricity price ($/kWh),$/kWh,0.085
1992-01-01,Electricity price ($/kWh),$/kWh,0.085
1992-02-01,Electricity price ($/kWh),$/kWh,0.084
1992-03-01,Electricity price ($/kWh),$/kWh,0.086
1992-04-01,Electricity price ($/kWh),$/kWh,0.086
1992-05-01,Electricity price ($/kWh),$/kWh,0.087
1992-06-01,Electricity price ($/kWh),$/kWh,0.092
1992-07-01,Electricity price ($/kWh),$/kWh,0.092
1992-08-01,Electricity price ($/kWh),$/kWh,0.091
1992-09-01,Electricity price ($/kWh),$/kWh,0.092
1992-10-01,Electricity price ($/kWh),$/kWh,0.088
1992-11-01,Electricity price ($/kWh),$/kWh,0.086
1992-12-01,Electricity price ($/kWh),$/kWh,0.088
1993-01-01,Electricity price ($/kWh),$/kWh,0.089
1993-02-01,Electricity price ($/kWh),$/kWh,0.087
1993-03-01,Electricity price ($/kWh),$/kWh,0.088
1993-04-01,Electricity price ($/kWh),$/kWh,0.088
1993-05-01,Electricity price ($/kWh),$/kWh,0.09
1993-06-01,Electricity price ($/kWh),$/kWh,0.094
1993-07-01,Electricity price ($/kWh),$/kWh,0.095
1993-08-01,Electricity price ($/kWh),$/kWh,0.097
1993-09-01,Electricity price ($/kWh),$/kWh,0.097
1993-10-01,Electricity price ($/kWh),$/kWh,0.093
1993-11-01,Electricity price ($/kWh),$/kWh,0.091
1993-12-01,Electricity price ($/kWh),$/kWh,0.09
1994-01-01,Electricity price ($/kWh),$/kWh,0.09
1994-02-01,Electricity price ($/kWh),$/kWh,0.09
1994-03-01,Electricity price ($/kWh),$/kWh,0.089
1994-04-01,Electricity price ($/kWh),$/kWh,0.088
1994-05-01,Electricity price ($/kWh),$/kWh,0.09
1994-06-01,Electricity price ($/kWh),$/kWh,0.095
1994-07-01,Electricity price ($/kWh),$/kWh,0.095
1994-08-01,Electricity price ($/kWh),$/kWh,0.096
1994-09-01,Electricity price ($/kWh),$/kWh,0.096
1994-10-01,Electricity price ($/kWh),$/kWh,0.093
1994-11-01,Electricity price ($/kWh),$/kWh,0.091
1994-12-01,Electricity price ($/kWh),$/kWh,0.091
1995-01-01,Electricity price ($/kWh),$/kWh,0.091
1995-02-01,Electricity price ($/kWh),$/kWh,0.091
1995-03-01,Electricity price ($/kWh),$/kWh,0.091
1995-04-01,Electricity price ($/kWh),$/kWh,0.09
1995-05-01,Electricity price ($/kWh),$/kWh,0.092
1995-06-01,Electricity price ($/kWh),$/kWh,0.098
1995-07-01,Electricity price ($/kWh),$/kWh,0.098
1995-08-01,Electricity price ($/kWh),$/kWh,0.098
1995-09-01,Electricity price ($/kWh),$/kWh,0.097
1995-10-01,Electricity price ($/kWh),$/kWh,0.094
1995-11-01,Electricity price ($/kWh),$/kWh,0.092
1995-12-01,Electricity price ($/kWh),$/kWh,0.091
1996-01-01,Electricity price ($/kWh),$/kWh,0.091
1996-02-01,Electricity price ($/kWh),$/kWh,0.091
1996-03-01,Electricity price ($/kWh),$/kWh,0.092
1996-04-01,Electricity price ($/kWh),$/kWh,0.092
1996-05-01,Electricity price ($/kWh),$/kWh,0.092
1996-06-01,Electricity price ($/kWh),$/kWh,0.096
1996-07-01,Electricity price ($/kWh),$/kWh,0.099
1996-08-01,Electricity price ($/kWh),$/kWh,0.099
1996-09-01,Electricity price ($/kWh),$/kWh,0.099
1996-10-01,Electricity price ($/kWh),$/kWh,0.095
1996-11-01,Electricity price ($/kWh),$/kWh,0.092
1996-12-01,Electricity price ($/kWh),$/kWh,0.092
1997-01-01,Electricity price ($/kWh),$/kWh,0.092
1997-02-01,Electricity price ($/kWh),$/kWh,0.092
1997-03-01,Electricity price ($/kWh),$/kWh,0.093
1997-04-01,Electricity price ($/kWh),$/kWh,0.092
1997-05-01,Electricity price ($/kWh),$/kWh,0.093
1997-06-01,Electricity price ($/kWh),$/kWh,0.099
1997-07-01,Electricity price ($/kWh),$/kWh,0.099
1997-08-01,Electricity price ($/kWh),$/kWh,0.098
1997-09-01,Electricity price ($/kWh),$/kWh,0.099
1997-10-01,Electricity price ($/kWh),$/kWh,0.093
1997-11-01,Electricity price ($/kWh),$/kWh,0.092
1997-12-01,Electricity price ($/kWh),$/kWh,0.09
1998-01-01,Electricity price ($/kWh),$/kWh,0.086
1998-02-01,Electricity price ($/kWh),$/kWh,0.085
1998-03-01,Electricity price ($/kWh),$/kWh,0.085
1998-04-01,Electricity price ($/kWh),$/kWh,0.085
1998-05-01,Electricity price ($/kWh),$/kWh,0.086
1998-06-01,Electricity price ($/kWh),$/kWh,0.091
1998-07-01,Electricity price ($/kWh),$/kWh,0.091
1998-08-01,Electricity price ($/kWh),$/kWh,0.09
1998-09-01,Electricity price ($/kWh),$/kWh,0.089
1998-10-01,Electricity price ($/kWh),$/kWh,0.086
1998-11-01,Electricity price ($/kWh),$/kWh,0.084
1998-12-01,Electricity price ($/kWh),$/kWh,0.084
1999-01-01,Electricity price ($/kWh),$/kWh,0.084
1999-02-01,Electricity price ($/kWh),$/kWh,0.084
1999-03-01,Electricity price ($/kWh),$/kWh,0.084
1999-04-01,Electricity price ($/kWh),$/kWh,0.084
1999-05-01,Electricity price ($/kWh),$/kWh,0.085
1999-06-01,Electricity price ($/kWh),$/kWh,0.089
1999-07-01,Electricity price ($/kWh),$/kWh,0.09
1999-08-01,Electricity price ($/kWh),$/kWh,0.089
1999-09-01,Electricity price ($/kWh),$/kWh,0.09
1999-10-01,Electricity price ($/kWh),$/kWh,0.087
1999-11-01,Electricity price ($/kWh),$/kWh,0.085
1999-12-01,Electricity price ($/kWh),$/kWh,0.085
2000-01-01,Electricity price ($/kWh),$/kWh,0.084
2000-02-01,Electricity price ($/kWh),$/kWh,0.085
2000-03-01,Electricity price ($/kWh),$/kWh,0.085
2000-04-01,Electricity price ($/kWh),$/kWh,0.085
2000-05-01,Electricity price ($/kWh),$/kWh,0.085
2000-06-01,Electricity price ($/kWh),$/kWh,0.09
2000-07-01,Electricity price ($/kWh),$/kWh,0.091
2000-08-01,Electricity price ($/kWh),$/kWh,0.091
2000-09-01,Electricity price ($/kWh),$/kWh,0.091
2000-10-01,Electricity price ($/kWh),$/kWh,0.088
2000-11-01,Electricity price ($/kWh),$/kWh,0.086
2000-12-01,Electricity price ($/kWh),$/kWh,0.086
2001-01-01,Electricity price ($/kWh),$/kWh,0.088
2001-02-01,Electricity price ($/kWh),$/kWh,0.088
2001-03-01,Electricity price ($/kWh),$/kWh,0.089
2001-04-01,Electricity price ($/kWh),$/kWh,0.089
2001-05-01,Electricity price ($/kWh),$/kWh,0.09
2001-06-01,Electricity price ($/kWh),$/kWh,0.097
2001-07-01,Electricity price ($/kWh),$/kWh,0.099
2001-08-01,Electricity price ($/kWh),$/kWh,0.098
2001-09-01,Electricity price ($/kWh),$/kWh,0.097
2001-10-01,Electricity price ($/kWh),$/kWh,0.093
2001-11-01,Electricity price ($/kWh),$/kWh,0.09
2001-12-01,Electricity price ($/kWh),$/kWh,0.09
2002-01-01,Electricity price ($/kWh),$/kWh,0.089
2002-02-01,Electricity price ($/kWh),$/kWh,0.089
2002-03-01,Electricity price ($/kWh),$/kWh,0.089
2002-04-01,Electricity price ($/kWh),$/kWh,0.088
2002-05-01,Electricity price ($/kWh),$/kWh,0.089
2002-06-01,Electricity price ($/kWh),$/kWh,0.095
2002-07-01,Electricity price ($/kWh),$/kWh,0.095
2002-08-01,Electricity price ($/kWh),$/kWh,0.095
2002-09-01,Electricity price ($/kWh),$/kWh,0.095
2002-10-01,Electricity price ($/kWh),$/kWh,0.091
2002-11-01,Electricity price ($/kWh),$/kWh,0.089
2002-12-01,Electricity price ($/kWh),$/kWh,0.089
2003-01-01,Electricity price ($/kWh),$/kWh,0.089
2003-02-01,Electricity price ($/kWh),$/kWh,0.089
2003-03-01,Electricity price ($/kWh),$/kWh,0.089
2003-04-01,Electricity price ($/kWh),$/kWh,0.091
2003-05-01,Electricity price ($/kWh),$/kWh,0.092
2003-06-01,Electricity price ($/kWh),$/kWh,0.097
2003-07-01,Electricity price ($/kWh),$/kWh,0.098
2003-08-01,Electricity price ($/kWh),$/kWh,0.098
2003-09-01,Electricity price ($/kWh),$/kWh,0.098
2003-10-01,Electricity price ($/kWh),$/kWh,0.093
2003-11-01,Electricity price ($/kWh),$/kWh,0.09
2003-12-01,Electricity price ($/kWh),$/kWh,0.09
2004-01-01,Electricity price ($/kWh),$/kWh,0.091
2004-02-01,Electricity price ($/kWh),$/kWh,0.091
2004-03-01,Electricity price ($/kWh),$/kWh,0.091
2004-04-01,Electricity price ($/kWh),$/kWh,0.091
2004-05-01,Electricity price ($/kWh),$/kWh,0.093
2004-06-01,Electricity price ($/kWh),$/kWh,0.099
2004-07-01,Electricity price ($/kWh),$/kWh,0.099
2004-08-01,Electricity price ($/kWh),$/kWh,0.1
2004-09-01,Electricity price ($/kWh),$/kWh,0.099
2004-10-01,Electricity price ($/kWh),$/kWh,0.094
2004-11-01,Electricity price ($/kWh),$/kWh,0.092
2004-12-01,Electricity price ($/kWh),$/kWh,0.092
2005-01-01,Electricity price ($/kWh),$/kWh,0.094
2005-02-01,Electricity price ($/kWh),$/kWh,0.094
2005-03-01,Electricity price ($/kWh),$/kWh,0.094
2005-04-01,Electricity price ($/kWh),$/kWh,0.095
2005-05-01,Electricity price ($/kWh),$/kWh,0.097
2005-06-01,Electricity price ($/kWh),$/kWh,0.104
2005-07-01,Electricity price ($/kWh),$/kWh,0.105
2005-08-01,Electricity price ($/kWh),$/kWh,0.105
2005-09-01,Electricity price ($/kWh),$/kWh,0.106
2005-10-01,Electricity price ($/kWh),$/kWh,0.102
2005-11-01,Electricity price ($/kWh),$/kWh,0.102
2005-12-01,Electricity price ($/kWh),$/kWh,0.102
2006-01-01,Electricity price ($/kWh),$/kWh,0.108
2006-02-01,Electricity price ($/kWh),$/kWh,0.108
2006-03-01,Electricity price ($/kWh),$/kWh,0.109
2006-04-01,Electricity price ($/kWh),$/kWh,0.109
2006-05-01,Electricity price ($/kWh),$/kWh,0.11
2006-06-01,Electricity price ($/kWh),$/kWh,0.118
2006-07-01,Electricity price ($/kWh),$/kWh,0.118
2006-08-01,Electricity price ($/kWh),$/kWh,0.118
2006-09-01,Electricity price ($/kWh),$/kWh,0.118
2006-10-01,Electricity price ($/kWh),$/kWh,0.112
2006-11-01,Electricity price ($/kWh),$/kWh,0.11
2006-12-01,Electricity price ($/kWh),$/kWh,0.11
2007-01-01,Electricity price ($/kWh),$/kWh,0.113
2007-02-01,Electricity price ($/kWh),$/kWh,0.113
2007-03-01,Electricity price ($/kWh),$/kWh,0.113
2007-04-01,Electricity price ($/kWh),$/kWh,0.113
2007-05-01,Electricity price ($/kWh),$/kWh,0.115
2007-06-01,Electricity price ($/kWh),$/kWh,0.122
2007-07-01,Electricity price ($/kWh),$/kWh,0.122
2007-08-01,Electricity price ($/kWh),$/kWh,0.121
2007-09-01,Electricity price ($/kWh),$/kWh,0.121
2007-10-01,Electricity price ($/kWh),$/kWh,0.117
2007-11-01,Electricity price ($/kWh),$/kWh,0.115
2007-12-01,Electricity price ($/kWh),$/kWh,0.115
2008-01-01,Electricity price ($/kWh),$/kWh,0.116
2008-02-01,Electricity price ($/kWh),$/kWh,0.116
2008-03-01,Electricity price ($/kWh),$/kWh,0.116
2008-04-01,Electricity price ($/kWh),$/kWh,0.118
2008-05-01,Electricity price ($/kWh),$/kWh,0.12
2008-06-01,Electricity price ($/kWh),$/kWh,0.128
2008-07-01,Electricity price ($/kWh),$/kWh,0.131
2008-08-01,Electricity price ($/kWh),$/kWh,0.132
2008-09-01,Electricity price ($/kWh),$/kWh,0.13
2008-10-01,Electricity price ($/kWh),$/kWh,0.126
2008-11-01,Electricity price ($/kWh),$/kWh,0.123
2008-12-01,Electricity price ($/kWh),$/kWh,0.124
2009-01-01,Electricity price ($/kWh),$/kWh,0.126
2009-02-01,Electricity price ($/kWh),$/kWh,0.126
2009-03-01,Electricity price ($/kWh),$/kWh,0.126
2009-04-01,Electricity price ($/kWh),$/kWh,0.125
2009-05-01,Electricity price ($/kWh),$/kWh,0.126
2009-06-01,Electricity price ($/kWh),$/kWh,0.132
2009-07-01,Electricity price ($/kWh),$/kWh,0.131
2009-08-01,Electricity price ($/kWh),$/kWh,0.13
2009-09-01,Electricity price ($/kWh),$/kWh,0.13
2009-10-01,Electricity price ($/kWh),$/kWh,0.126
2009-11-01,Electricity price ($/kWh),$/kWh,0.124
2009-12-01,Electricity price ($/kWh),$/kWh,0.124
2010-01-01,Electricity price ($/kWh),$/kWh,0.124
2010-02-01,Electricity price ($/kWh),$/kWh,0.123
2010-03-01,Electricity price ($/kWh),$/kWh,0.125
2010-04-01,Electricity price ($/kWh),$/kWh,0.126
2010-05-01,Electricity price ($/kWh),$/kWh,0.127
2010-06-01,Electricity price ($/kWh),$/kWh,0.132
2010-07-01,Electricity price ($/kWh),$/kWh,0.133
2010-08-01,Electricity price ($/kWh),$/kWh,0.133
2010-09-01,Electricity price ($/kWh),$/kWh,0.132
2010-10-01,Electricity price ($/kWh),$/kWh,0.127
2010-11-01,Electricity price ($/kWh),$/kWh,0.125
2010-12-01,Electricity price ($/kWh),$/kWh,0.125
2011-01-01,Electricity price ($/kWh),$/kWh,0.125
2011-02-01,Electricity price ($/kWh),$/kWh,0.125
2011-03-01,Electricity price ($/kWh),$/kWh,0.127
2011-04-01,Electricity price ($/kWh),$/kWh,0.127
2011-05-01,Electricity price ($/kWh),$/kWh,0.129
2011-06-01,Electricity price ($/kWh),$/kWh,0.134
2011-07-01,Electricity price ($/kWh),$/kWh,0.135
2011-08-01,Electricity price ($/kWh),$/kWh,0.135
2011-09-01,Electricity price ($/kWh),$/kWh,0.135
2011-10-01,Electricity price ($/kWh),$/kWh,0.13
2011-11-01,Electricity price ($/kWh),$/kWh,0.128
2011-12-01,Electricity price ($/kWh),$/kWh,0.127
2012-01-01,Electricity price ($/kWh),$/kWh,0.128
2012-02-01,Electricity price ($/kWh),$/kWh,0.128
2012-03-01,Electricity price ($/kWh),$/kWh,0.127
2012-04-01,Electricity price ($/kWh),$/kWh,0.127
2012-05-01,Electricity price ($/kWh),$/kWh,0.129
2012-06-01,Electricity price ($/kWh),$/kWh,0.135
2012-07-01,Electricity price ($/kWh),$/kWh,0.133
2012-08-01,Electricity price ($/kWh),$/kWh,0.133
2012-09-01,Electricity price ($/kWh),$/kWh,0.133
2012-10-01,Electricity price ($/kWh),$/kWh,0.128
2012-11-01,Electricity price ($/kWh),$/kWh,0.127
2012-12-01,Electricity price ($/kWh),$/kWh,0.127
2013-01-01,Electricity price ($/kWh),$/kWh,0.129
2013-02-01,Electricity price ($/kWh),$/kWh,0.129
2013-03-01,Electricity price ($/kWh),$/kWh,0.128
2013-04-01,Electricity price ($/kWh),$/kWh,0.128
2013-05-01,Electricity price ($/kWh),$/kWh,0.131
2013-06-01,Electricity price ($/kWh),$/kWh,0.137
2013-07-01,Electricity price ($/kWh),$/kWh,0.137
2013-08-01,Electricity price ($/kWh),$/kWh,0.137
2013-09-01,Electricity price ($/kWh),$/kWh,0.137
2013-10-01,Electricity price ($/kWh),$/kWh,0.132
2013-11-01,Electricity price ($/kWh),$/kWh,0.13
2013-12-01,Electricity price ($/kWh),$/kWh,0.131
2014-01-01,Electricity price ($/kWh),$/kWh,0.134
2014-02-01,Electricity price ($/kWh),$/kWh,0.134
2014-03-01,Electricity price ($/kWh),$/kWh,0.135
2014-04-01,Electricity price ($/kWh),$/kWh,0.131
2014-05-01,Electricity price ($/kWh),$/kWh,0.136
2014-06-01,Electricity price ($/kWh),$/kWh,0.143
2014-07-01,Electricity price ($/kWh),$/kWh,0.143
2014-08-01,Electricity price ($/kWh),$/kWh,0.143
2014-09-01,Electricity price ($/kWh),$/kWh,0.141
2014-10-01,Electricity price ($/kWh),$/kWh,0.136
2014-11-01,Electricity price ($/kWh),$/kWh,0.134
2014-12-01,Electricity price ($/kWh),$/kWh,0.135
2015-01-01,Electricity price ($/kWh),$/kWh,0.138
2015-02-01,Electricity price ($/kWh),$/kWh,0.138
2015-03-01,Electricity price ($/kWh),$/kWh,0.136
2015-04-01,Electricity price ($/kWh),$/kWh,0.137
2015-05-01,Electricity price ($/kWh),$/kWh,0.137
2015-06-01,Electricity price ($/kWh),$/kWh,0.143
2015-07-01,Electricity price ($/kWh),$/kWh,0.142
2015-08-01,Electricity price ($/kWh),$/kWh,0.142
2015-09-01,Electricity price ($/kWh),$/kWh,0.141
2015-10-01,Electricity price ($/kWh),$/kWh,0.136
2015-11-01,Electricity price ($/kWh),$/kWh,0.134
2015-12-01,Electricity price ($/kWh),$/kWh,0.133
2016-01-01,Electricity price ($/kWh),$/kWh,0.134
2016-02-01,Electricity price ($/kWh),$/kWh,0.134
2016-03-01,Electricity price ($/kWh),$/kWh,0.134
2016-04-01,Electricity price ($/kWh),$/kWh,0.134
2016-05-01,Electricity price ($/kWh),$/kWh,0.133
2016-06-01,Electricity price ($/kWh),$/kWh,0.138
2016-07-01,Electricity price ($/kWh),$/kWh,0.139
2016-08-01,Electricity price ($/kWh),$/kWh,0.139
2016-09-01,Electricity price ($/kWh),$/kWh,0.139
2016-10-01,Electricity price ($/kWh),$/kWh,0.134
2016-11-01,Electricity price ($/kWh),$/kWh,0.131
2016-12-01,Electricity price ($/kWh),$/kWh,0.133
2017-01-01,Electricity price ($/kWh),$/kWh,0.134
2017-02-01,Electricity price ($/kWh),$/kWh,0.135
2017-03-01,Electricity price ($/kWh),$/kWh,0.134
2017-04-01,Electricity price ($/kWh),$/kWh,0.135
2017-05-01,Electricity price ($/kWh),$/kWh,0.137
2017-06-01,Electricity price ($/kWh),$/kWh,0.142
2017-07-01,Electricity price ($/kWh),$/kWh,0.143
2017-08-01,Electricity price ($/kWh),$/kWh,0.142
2017-09-01,Electricity price ($/kWh),$/kWh,0.142
2017-10-01,Electricity price ($/kWh),$/kWh,0.137
2017-11-01,Electricity price ($/kWh),$/kWh,0.136
2017-12-01,Electricity price ($/kWh),$/kWh,0.136
2018-01-01,Electricity price ($/kWh),$/kWh,0.135
2018-02-01,Electricity price ($/kWh),$/kWh,0.135
2018-03-01,Electricity price ($/kWh),$/kWh,0.135
2018-04-01,Electricity price ($/kWh),$/kWh,0.134
2018-05-01,Electricity price ($/kWh),$/kWh,0.136
2018-06-01,Electricity price ($/kWh),$/kWh,0.139
2018-07-01,Electricity price ($/kWh),$/kWh,0.139
2018-08-01,Electricity price ($/kWh),$/kWh,0.139
2018-09-01,Electricity price ($/kWh),$/kWh,0.138
2018-10-01,Electricity price ($/kWh),$/kWh,0.136
2018-11-01,Electricity price ($/kWh),$/kWh,0.134
2018-12-01,Electricity price ($/kWh),$/kWh,0.135
2019-01-01,Electricity price ($/kWh),$/kWh,0.135
2019-02-01,Electricity price ($/kWh),$/kWh,0.136
2019-03-01,Electricity price ($/kWh),$/kWh,0.135
2019-04-01,Electricity price ($/kWh),$/kWh,0.135
2019-05-01,Electricity price ($/kWh),$/kWh,0.136
2019-06-01,Electricity price ($/kWh),$/kWh,0.139
2019-07-01,Electricity price ($/kWh),$/kWh,0.14
2019-08-01,Electricity price ($/kWh),$/kWh,0.139
2019-09-01,Electricity price ($/kWh),$/kWh,0.139
2019-10-01,Electricity price ($/kWh),$/kWh,0.136
2019-11-01,Electricity price ($/kWh),$/kWh,0.133
2019-12-01,Electricity price ($/kWh),$/kWh,0.133
2020-01-01,Electricity price ($/kWh),$/kWh,0.134
2020-02-01,Electricity price ($/kWh),$/kWh,0.134
2020-03-01,Electricity price ($/kWh),$/kWh,0.134
2020-04-01,Electricity price ($/kWh),$/kWh,0.133
2020-05-01,Electricity price ($/kWh),$/kWh,0.134
2020-06-01,Electricity price ($/kWh),$/kWh,0.137
2020-07-01,Electricity price ($/kWh),$/kWh,0.137
2020-08-01,Electricity price ($/kWh),$/kWh,0.137
2020-09-01,Electricity price ($/kWh),$/kWh,0.137
2020-10-01,Electricity price ($/kWh),$/kWh,0.135
2020-11-01,Electricity price ($/kWh),$/kWh,0.136
2020-12-01,Electricity price ($/kWh),$/kWh,0.136
2021-01-01,Electricity price ($/kWh),$/kWh,0.136
2021-02-01,Electricity price ($/kWh),$/kWh,0.137
2021-03-01,Electricity price ($/kWh),$/kWh,0.138
2021-04-01,Electricity price ($/kWh),$/kWh,0.139
2021-05-01,Electricity price ($/kWh),$/kWh,0.14
2021-06-01,Electricity price ($/kWh),$/kWh,0.142
2021-07-01,Electricity price ($/kWh),$/kWh,0.143
2021-08-01,Electricity price ($/kWh),$/kWh,0.144
2021-09-01,Electricity price ($/kWh),$/kWh,0.144
2021-10-01,Electricity price ($/kWh),$/kWh,0.142
2021-11-01,Electricity price ($/kWh),$/kWh,0.142
2021-12-01,Electricity price ($/kWh),$/kWh,0.142
2022-01-01,Electricity price ($/kWh),$/kWh,0.147
2022-02-01,Electricity price ($/kWh),$/kWh,0.148
2022-03-01,Electricity price ($/kWh),$/kWh,0.15
2022-04-01,Electricity price ($/kWh),$/kWh,0.151
2022-05-01,Electricity price ($/kWh),$/kWh,0.154
2022-06-01,Electricity price ($/kWh),$/kWh,0.16
2022-07-01,Electricity price ($/kWh),$/kWh,0.164
2022-08-01,Electricity price ($/kWh),$/kWh,0.167
2022-09-01,Electricity price ($/kWh),$/kWh,0.167
2022-10-01,Electricity price ($/kWh),$/kWh,0.166
2022-11-01,Electricity price ($/kWh),$/kWh,0.163
2022-12-01,Electricity price ($/kWh),$/kWh,0.165
2023-01-01,Electricity price ($/kWh),$/kWh,0.168
2023-02-01,Electricity price ($/kWh),$/kWh,0.168
2023-03-01,Electricity price ($/kWh),$/kWh,0.166
2023-04-01,Electricity price ($/kWh),$/kWh,0.165
2023-05-01,Electricity price ($/kWh),$/kWh,0.165
2023-06-01,Electricity price ($/kWh),$/kWh,0.17
2023-07-01,Electricity price ($/kWh),$/kWh,0.169
2023-08-01,Electricity price ($/kWh),$/kWh,0.17
2023-09-01,Electricity price ($/kWh),$/kWh,0.171
2023-10-01,Electricity price ($/kWh),$/kWh,0.169
2023-11-01,Electricity price ($/kWh),$/kWh,0.168
2023-12-01,Electricity price ($/kWh),$/kWh,0.169
2024-01-01,Electricity price ($/kWh),$/kWh,0.173
2024-02-01,Electricity price ($/kWh),$/kWh,0.173
2024-03-01,Electricity price ($/kWh),$/kWh,0.174
2024-04-01,Electricity price ($/kWh),$/kWh,0.173
2024-05-01,Electricity price ($/kWh),$/kWh,0.175
2024-06-01,Electricity price ($/kWh),$/kWh,0.178
2024-07-01,Electricity price ($/kWh),$/kWh,0.178
2024-08-01,Electricity price ($/kWh),$/kWh,0.177
2024-09-01,Electricity price ($/kWh),$/kWh,0.178
2024-10-01,Electricity price ($/kWh),$/kWh,0.177
2024-11-01,Electricity price ($/kWh),$/kWh,0.176
2024-12-01,Electricity price ($/kWh),$/kWh,0.176
2025-01-01,Electricity price ($/kWh),$/kWh,0.179
2025-02-01,Electricity price ($/kWh),$/kWh,0.179
2025-03-01,Electricity price ($/kWh),$/kWh,0.181
2025-04-01,Electricity price ($/kWh),$/kWh,0.181
2025-05-01,Electricity price ($/kWh),$/kWh,0.182
2025-06-01,Electricity price ($/kWh),$/kWh,0.19
2025-07-01,Electricity price ($/kWh),$/kWh,0.189
2025-08-01,Electricity price ($/kWh),$/kWh,0.19
2025-09-01,Electricity price ($/kWh),$/kWh,0.188
2025-10-01,Electricity price ($/kWh),$/kWh,0.1885
2025-11-01,Electricity price ($/kWh),$/kWh,0.189
2025-12-01,Electricity price ($/kWh),$/kWh,0.189
2026-01-01,Electricity price ($/kWh),$/kWh,0.192
2026-02-01,Electricity price ($/kWh),$/kWh,0.189
2026-03-01,Electricity price ($/kWh),$/kWh,0.19
2026-04-01,Electricity price ($/kWh),$/kWh,0.194
2026-05-01,Electricity price ($/kWh),$/kWh,0.196
2026-06-01,Electricity price ($/kWh),$/kWh,0.198
1997-01-01,Natural gas price ($/MMBtu),$/MMBtu,3.45
1997-02-01,Natural gas price ($/MMBtu),$/MMBtu,2.15
1997-03-01,Natural gas price ($/MMBtu),$/MMBtu,1.89
1997-04-01,Natural gas price ($/MMBtu),$/MMBtu,2.03
1997-05-01,Natural gas price ($/MMBtu),$/MMBtu,2.25
1997-06-01,Natural gas price ($/MMBtu),$/MMBtu,2.2
1997-07-01,Natural gas price ($/MMBtu),$/MMBtu,2.19
1997-08-01,Natural gas price ($/MMBtu),$/MMBtu,2.49
1997-09-01,Natural gas price ($/MMBtu),$/MMBtu,2.88
1997-10-01,Natural gas price ($/MMBtu),$/MMBtu,3.07
1997-11-01,Natural gas price ($/MMBtu),$/MMBtu,3.01
1997-12-01,Natural gas price ($/MMBtu),$/MMBtu,2.35
1998-01-01,Natural gas price ($/MMBtu),$/MMBtu,2.09
1998-02-01,Natural gas price ($/MMBtu),$/MMBtu,2.23
1998-03-01,Natural gas price ($/MMBtu),$/MMBtu,2.24
1998-04-01,Natural gas price ($/MMBtu),$/MMBtu,2.43
1998-05-01,Natural gas price ($/MMBtu),$/MMBtu,2.14
1998-06-01,Natural gas price ($/MMBtu),$/MMBtu,2.17
1998-07-01,Natural gas price ($/MMBtu),$/MMBtu,2.17
1998-08-01,Natural gas price ($/MMBtu),$/MMBtu,1.85
1998-09-01,Natural gas price ($/MMBtu),$/MMBtu,2.02
1998-10-01,Natural gas price ($/MMBtu),$/MMBtu,1.91
1998-11-01,Natural gas price ($/MMBtu),$/MMBtu,2.12
1998-12-01,Natural gas price ($/MMBtu),$/MMBtu,1.72
1999-01-01,Natural gas price ($/MMBtu),$/MMBtu,1.85
1999-02-01,Natural gas price ($/MMBtu),$/MMBtu,1.77
1999-03-01,Natural gas price ($/MMBtu),$/MMBtu,1.79
1999-04-01,Natural gas price ($/MMBtu),$/MMBtu,2.15
1999-05-01,Natural gas price ($/MMBtu),$/MMBtu,2.26
1999-06-01,Natural gas price ($/MMBtu),$/MMBtu,2.3
1999-07-01,Natural gas price ($/MMBtu),$/MMBtu,2.31
1999-08-01,Natural gas price ($/MMBtu),$/MMBtu,2.8
1999-09-01,Natural gas price ($/MMBtu),$/MMBtu,2.55
1999-10-01,Natural gas price ($/MMBtu),$/MMBtu,2.73
1999-11-01,Natural gas price ($/MMBtu),$/MMBtu,2.37
1999-12-01,Natural gas price ($/MMBtu),$/MMBtu,2.36
2000-01-01,Natural gas price ($/MMBtu),$/MMBtu,2.42
2000-02-01,Natural gas price ($/MMBtu),$/MMBtu,2.66
2000-03-01,Natural gas price ($/MMBtu),$/MMBtu,2.79
2000-04-01,Natural gas price ($/MMBtu),$/MMBtu,3.04
2000-05-01,Natural gas price ($/MMBtu),$/MMBtu,3.59
2000-06-01,Natural gas price ($/MMBtu),$/MMBtu,4.29
2000-07-01,Natural gas price ($/MMBtu),$/MMBtu,3.99
2000-08-01,Natural gas price ($/MMBtu),$/MMBtu,4.43
2000-09-01,Natural gas price ($/MMBtu),$/MMBtu,5.06
2000-10-01,Natural gas price ($/MMBtu),$/MMBtu,5.02
2000-11-01,Natural gas price ($/MMBtu),$/MMBtu,5.52
2000-12-01,Natural gas price ($/MMBtu),$/MMBtu,8.9
2001-01-01,Natural gas price ($/MMBtu),$/MMBtu,8.17
2001-02-01,Natural gas price ($/MMBtu),$/MMBtu,5.61
2001-03-01,Natural gas price ($/MMBtu),$/MMBtu,5.23
2001-04-01,Natural gas price ($/MMBtu),$/MMBtu,5.19
2001-05-01,Natural gas price ($/MMBtu),$/MMBtu,4.19
2001-06-01,Natural gas price ($/MMBtu),$/MMBtu,3.72
2001-07-01,Natural gas price ($/MMBtu),$/MMBtu,3.11
2001-08-01,Natural gas price ($/MMBtu),$/MMBtu,2.97
2001-09-01,Natural gas price ($/MMBtu),$/MMBtu,2.19
2001-10-01,Natural gas price ($/MMBtu),$/MMBtu,2.46
2001-11-01,Natural gas price ($/MMBtu),$/MMBtu,2.34
2001-12-01,Natural gas price ($/MMBtu),$/MMBtu,2.3
2002-01-01,Natural gas price ($/MMBtu),$/MMBtu,2.32
2002-02-01,Natural gas price ($/MMBtu),$/MMBtu,2.32
2002-03-01,Natural gas price ($/MMBtu),$/MMBtu,3.03
2002-04-01,Natural gas price ($/MMBtu),$/MMBtu,3.43
2002-05-01,Natural gas price ($/MMBtu),$/MMBtu,3.5
2002-06-01,Natural gas price ($/MMBtu),$/MMBtu,3.26
2002-07-01,Natural gas price ($/MMBtu),$/MMBtu,2.99
2002-08-01,Natural gas price ($/MMBtu),$/MMBtu,3.09
2002-09-01,Natural gas price ($/MMBtu),$/MMBtu,3.55
2002-10-01,Natural gas price ($/MMBtu),$/MMBtu,4.13
2002-11-01,Natural gas price ($/MMBtu),$/MMBtu,4.04
2002-12-01,Natural gas price ($/MMBtu),$/MMBtu,4.74
2003-01-01,Natural gas price ($/MMBtu),$/MMBtu,5.43
2003-02-01,Natural gas price ($/MMBtu),$/MMBtu,7.71
2003-03-01,Natural gas price ($/MMBtu),$/MMBtu,5.93
2003-04-01,Natural gas price ($/MMBtu),$/MMBtu,5.26
2003-05-01,Natural gas price ($/MMBtu),$/MMBtu,5.81
2003-06-01,Natural gas price ($/MMBtu),$/MMBtu,5.82
2003-07-01,Natural gas price ($/MMBtu),$/MMBtu,5.03
2003-08-01,Natural gas price ($/MMBtu),$/MMBtu,4.99
2003-09-01,Natural gas price ($/MMBtu),$/MMBtu,4.62
2003-10-01,Natural gas price ($/MMBtu),$/MMBtu,4.63
2003-11-01,Natural gas price ($/MMBtu),$/MMBtu,4.47
2003-12-01,Natural gas price ($/MMBtu),$/MMBtu,6.13
2004-01-01,Natural gas price ($/MMBtu),$/MMBtu,6.14
2004-02-01,Natural gas price ($/MMBtu),$/MMBtu,5.37
2004-03-01,Natural gas price ($/MMBtu),$/MMBtu,5.39
2004-04-01,Natural gas price ($/MMBtu),$/MMBtu,5.71
2004-05-01,Natural gas price ($/MMBtu),$/MMBtu,6.33
2004-06-01,Natural gas price ($/MMBtu),$/MMBtu,6.27
2004-07-01,Natural gas price ($/MMBtu),$/MMBtu,5.93
2004-08-01,Natural gas price ($/MMBtu),$/MMBtu,5.41
2004-09-01,Natural gas price ($/MMBtu),$/MMBtu,5.15
2004-10-01,Natural gas price ($/MMBtu),$/MMBtu,6.35
2004-11-01,Natural gas price ($/MMBtu),$/MMBtu,6.17
2004-12-01,Natural gas price ($/MMBtu),$/MMBtu,6.58
2005-01-01,Natural gas price ($/MMBtu),$/MMBtu,6.15
2005-02-01,Natural gas price ($/MMBtu),$/MMBtu,6.14
2005-03-01,Natural gas price ($/MMBtu),$/MMBtu,6.96
2005-04-01,Natural gas price ($/MMBtu),$/MMBtu,7.16
2005-05-01,Natural gas price ($/MMBtu),$/MMBtu,6.47
2005-06-01,Natural gas price ($/MMBtu),$/MMBtu,7.18
2005-07-01,Natural gas price ($/MMBtu),$/MMBtu,7.63
2005-08-01,Natural gas price ($/MMBtu),$/MMBtu,9.53
2005-09-01,Natural gas price ($/MMBtu),$/MMBtu,11.75
2005-10-01,Natural gas price ($/MMBtu),$/MMBtu,13.42
2005-11-01,Natural gas price ($/MMBtu),$/MMBtu,10.3
2005-12-01,Natural gas price ($/MMBtu),$/MMBtu,13.05
2006-01-01,Natural gas price ($/MMBtu),$/MMBtu,8.69
2006-02-01,Natural gas price ($/MMBtu),$/MMBtu,7.54
2006-03-01,Natural gas price ($/MMBtu),$/MMBtu,6.89
2006-04-01,Natural gas price ($/MMBtu),$/MMBtu,7.16
2006-05-01,Natural gas price ($/MMBtu),$/MMBtu,6.25
2006-06-01,Natural gas price ($/MMBtu),$/MMBtu,6.21
2006-07-01,Natural gas price ($/MMBtu),$/MMBtu,6.17
2006-08-01,Natural gas price ($/MMBtu),$/MMBtu,7.14
2006-09-01,Natural gas price ($/MMBtu),$/MMBtu,4.9
2006-10-01,Natural gas price ($/MMBtu),$/MMBtu,5.85
2006-11-01,Natural gas price ($/MMBtu),$/MMBtu,7.41
2006-12-01,Natural gas price ($/MMBtu),$/MMBtu,6.73
2007-01-01,Natural gas price ($/MMBtu),$/MMBtu,6.55
2007-02-01,Natural gas price ($/MMBtu),$/MMBtu,8.0
2007-03-01,Natural gas price ($/MMBtu),$/MMBtu,7.11
2007-04-01,Natural gas price ($/MMBtu),$/MMBtu,7.6
2007-05-01,Natural gas price ($/MMBtu),$/MMBtu,7.64
2007-06-01,Natural gas price ($/MMBtu),$/MMBtu,7.35
2007-07-01,Natural gas price ($/MMBtu),$/MMBtu,6.22
2007-08-01,Natural gas price ($/MMBtu),$/MMBtu,6.22
2007-09-01,Natural gas price ($/MMBtu),$/MMBtu,6.08
2007-10-01,Natural gas price ($/MMBtu),$/MMBtu,6.74
2007-11-01,Natural gas price ($/MMBtu),$/MMBtu,7.1
2007-12-01,Natural gas price ($/MMBtu),$/MMBtu,7.11
2008-01-01,Natural gas price ($/MMBtu),$/MMBtu,7.99
2008-02-01,Natural gas price ($/MMBtu),$/MMBtu,8.54
2008-03-01,Natural gas price ($/MMBtu),$/MMBtu,9.41
2008-04-01,Natural gas price ($/MMBtu),$/MMBtu,10.18
2008-05-01,Natural gas price ($/MMBtu),$/MMBtu,11.27
2008-06-01,Natural gas price ($/MMBtu),$/MMBtu,12.69
2008-07-01,Natural gas price ($/MMBtu),$/MMBtu,11.09
2008-08-01,Natural gas price ($/MMBtu),$/MMBtu,8.26
2008-09-01,Natural gas price ($/MMBtu),$/MMBtu,7.67
2008-10-01,Natural gas price ($/MMBtu),$/MMBtu,6.74
2008-11-01,Natural gas price ($/MMBtu),$/MMBtu,6.68
2008-12-01,Natural gas price ($/MMBtu),$/MMBtu,5.82
2009-01-01,Natural gas price ($/MMBtu),$/MMBtu,5.24
2009-02-01,Natural gas price ($/MMBtu),$/MMBtu,4.52
2009-03-01,Natural gas price ($/MMBtu),$/MMBtu,3.96
2009-04-01,Natural gas price ($/MMBtu),$/MMBtu,3.5
2009-05-01,Natural gas price ($/MMBtu),$/MMBtu,3.83
2009-06-01,Natural gas price ($/MMBtu),$/MMBtu,3.8
2009-07-01,Natural gas price ($/MMBtu),$/MMBtu,3.38
2009-08-01,Natural gas price ($/MMBtu),$/MMBtu,3.14
2009-09-01,Natural gas price ($/MMBtu),$/MMBtu,2.99
2009-10-01,Natural gas price ($/MMBtu),$/MMBtu,4.01
2009-11-01,Natural gas price ($/MMBtu),$/MMBtu,3.66
2009-12-01,Natural gas price ($/MMBtu),$/MMBtu,5.35
2010-01-01,Natural gas price ($/MMBtu),$/MMBtu,5.83
2010-02-01,Natural gas price ($/MMBtu),$/MMBtu,5.32
2010-03-01,Natural gas price ($/MMBtu),$/MMBtu,4.29
2010-04-01,Natural gas price ($/MMBtu),$/MMBtu,4.03
2010-05-01,Natural gas price ($/MMBtu),$/MMBtu,4.14
2010-06-01,Natural gas price ($/MMBtu),$/MMBtu,4.8
2010-07-01,Natural gas price ($/MMBtu),$/MMBtu,4.63
2010-08-01,Natural gas price ($/MMBtu),$/MMBtu,4.32
2010-09-01,Natural gas price ($/MMBtu),$/MMBtu,3.89
2010-10-01,Natural gas price ($/MMBtu),$/MMBtu,3.43
2010-11-01,Natural gas price ($/MMBtu),$/MMBtu,3.71
2010-12-01,Natural gas price ($/MMBtu),$/MMBtu,4.25
2011-01-01,Natural gas price ($/MMBtu),$/MMBtu,4.49
2011-02-01,Natural gas price ($/MMBtu),$/MMBtu,4.09
2011-03-01,Natural gas price ($/MMBtu),$/MMBtu,3.97
2011-04-01,Natural gas price ($/MMBtu),$/MMBtu,4.24
2011-05-01,Natural gas price ($/MMBtu),$/MMBtu,4.31
2011-06-01,Natural gas price ($/MMBtu),$/MMBtu,4.54
2011-07-01,Natural gas price ($/MMBtu),$/MMBtu,4.42
2011-08-01,Natural gas price ($/MMBtu),$/MMBtu,4.06
2011-09-01,Natural gas price ($/MMBtu),$/MMBtu,3.9
2011-10-01,Natural gas price ($/MMBtu),$/MMBtu,3.57
2011-11-01,Natural gas price ($/MMBtu),$/MMBtu,3.24
2011-12-01,Natural gas price ($/MMBtu),$/MMBtu,3.17
2012-01-01,Natural gas price ($/MMBtu),$/MMBtu,2.67
2012-02-01,Natural gas price ($/MMBtu),$/MMBtu,2.51
2012-03-01,Natural gas price ($/MMBtu),$/MMBtu,2.17
2012-04-01,Natural gas price ($/MMBtu),$/MMBtu,1.95
2012-05-01,Natural gas price ($/MMBtu),$/MMBtu,2.43
2012-06-01,Natural gas price ($/MMBtu),$/MMBtu,2.46
2012-07-01,Natural gas price ($/MMBtu),$/MMBtu,2.95
2012-08-01,Natural gas price ($/MMBtu),$/MMBtu,2.84
2012-09-01,Natural gas price ($/MMBtu),$/MMBtu,2.85
2012-10-01,Natural gas price ($/MMBtu),$/MMBtu,3.32
2012-11-01,Natural gas price ($/MMBtu),$/MMBtu,3.54
2012-12-01,Natural gas price ($/MMBtu),$/MMBtu,3.34
2013-01-01,Natural gas price ($/MMBtu),$/MMBtu,3.33
2013-02-01,Natural gas price ($/MMBtu),$/MMBtu,3.33
2013-03-01,Natural gas price ($/MMBtu),$/MMBtu,3.81
2013-04-01,Natural gas price ($/MMBtu),$/MMBtu,4.17
2013-05-01,Natural gas price ($/MMBtu),$/MMBtu,4.04
2013-06-01,Natural gas price ($/MMBtu),$/MMBtu,3.83
2013-07-01,Natural gas price ($/MMBtu),$/MMBtu,3.62
2013-08-01,Natural gas price ($/MMBtu),$/MMBtu,3.43
2013-09-01,Natural gas price ($/MMBtu),$/MMBtu,3.62
2013-10-01,Natural gas price ($/MMBtu),$/MMBtu,3.68
2013-11-01,Natural gas price ($/MMBtu),$/MMBtu,3.64
2013-12-01,Natural gas price ($/MMBtu),$/MMBtu,4.24
2014-01-01,Natural gas price ($/MMBtu),$/MMBtu,4.71
2014-02-01,Natural gas price ($/MMBtu),$/MMBtu,6.0
2014-03-01,Natural gas price ($/MMBtu),$/MMBtu,4.9
2014-04-01,Natural gas price ($/MMBtu),$/MMBtu,4.66
2014-05-01,Natural gas price ($/MMBtu),$/MMBtu,4.58
2014-06-01,Natural gas price ($/MMBtu),$/MMBtu,4.59
2014-07-01,Natural gas price ($/MMBtu),$/MMBtu,4.05
2014-08-01,Natural gas price ($/MMBtu),$/MMBtu,3.91
2014-09-01,Natural gas price ($/MMBtu),$/MMBtu,3.92
2014-10-01,Natural gas price ($/MMBtu),$/MMBtu,3.78
2014-11-01,Natural gas price ($/MMBtu),$/MMBtu,4.12
2014-12-01,Natural gas price ($/MMBtu),$/MMBtu,3.48
2015-01-01,Natural gas price ($/MMBtu),$/MMBtu,2.99
2015-02-01,Natural gas price ($/MMBtu),$/MMBtu,2.87
2015-03-01,Natural gas price ($/MMBtu),$/MMBtu,2.83
2015-04-01,Natural gas price ($/MMBtu),$/MMBtu,2.61
2015-05-01,Natural gas price ($/MMBtu),$/MMBtu,2.85
2015-06-01,Natural gas price ($/MMBtu),$/MMBtu,2.78
2015-07-01,Natural gas price ($/MMBtu),$/MMBtu,2.84
2015-08-01,Natural gas price ($/MMBtu),$/MMBtu,2.77
2015-09-01,Natural gas price ($/MMBtu),$/MMBtu,2.66
2015-10-01,Natural gas price ($/MMBtu),$/MMBtu,2.34
2015-11-01,Natural gas price ($/MMBtu),$/MMBtu,2.09
2015-12-01,Natural gas price ($/MMBtu),$/MMBtu,1.93
2016-01-01,Natural gas price ($/MMBtu),$/MMBtu,2.28
2016-02-01,Natural gas price ($/MMBtu),$/MMBtu,1.99
2016-03-01,Natural gas price ($/MMBtu),$/MMBtu,1.73
2016-04-01,Natural gas price ($/MMBtu),$/MMBtu,1.92
2016-05-01,Natural gas price ($/MMBtu),$/MMBtu,1.92
2016-06-01,Natural gas price ($/MMBtu),$/MMBtu,2.59
2016-07-01,Natural gas price ($/MMBtu),$/MMBtu,2.82
2016-08-01,Natural gas price ($/MMBtu),$/MMBtu,2.82
2016-09-01,Natural gas price ($/MMBtu),$/MMBtu,2.99
2016-10-01,Natural gas price ($/MMBtu),$/MMBtu,2.98
2016-11-01,Natural gas price ($/MMBtu),$/MMBtu,2.55
2016-12-01,Natural gas price ($/MMBtu),$/MMBtu,3.59
2017-01-01,Natural gas price ($/MMBtu),$/MMBtu,3.3
2017-02-01,Natural gas price ($/MMBtu),$/MMBtu,2.85
2017-03-01,Natural gas price ($/MMBtu),$/MMBtu,2.88
2017-04-01,Natural gas price ($/MMBtu),$/MMBtu,3.1
2017-05-01,Natural gas price ($/MMBtu),$/MMBtu,3.15
2017-06-01,Natural gas price ($/MMBtu),$/MMBtu,2.98
2017-07-01,Natural gas price ($/MMBtu),$/MMBtu,2.98
2017-08-01,Natural gas price ($/MMBtu),$/MMBtu,2.9
2017-09-01,Natural gas price ($/MMBtu),$/MMBtu,2.98
2017-10-01,Natural gas price ($/MMBtu),$/MMBtu,2.88
2017-11-01,Natural gas price ($/MMBtu),$/MMBtu,3.01
2017-12-01,Natural gas price ($/MMBtu),$/MMBtu,2.82
2018-01-01,Natural gas price ($/MMBtu),$/MMBtu,3.87
2018-02-01,Natural gas price ($/MMBtu),$/MMBtu,2.67
2018-03-01,Natural gas price ($/MMBtu),$/MMBtu,2.69
2018-04-01,Natural gas price ($/MMBtu),$/MMBtu,2.8
2018-05-01,Natural gas price ($/MMBtu),$/MMBtu,2.8
2018-06-01,Natural gas price ($/MMBtu),$/MMBtu,2.97
2018-07-01,Natural gas price ($/MMBtu),$/MMBtu,2.83
2018-08-01,Natural gas price ($/MMBtu),$/MMBtu,2.96
2018-09-01,Natural gas price ($/MMBtu),$/MMBtu,3.0
2018-10-01,Natural gas price ($/MMBtu),$/MMBtu,3.28
2018-11-01,Natural gas price ($/MMBtu),$/MMBtu,4.09
2018-12-01,Natural gas price ($/MMBtu),$/MMBtu,4.04
2019-01-01,Natural gas price ($/MMBtu),$/MMBtu,3.11
2019-02-01,Natural gas price ($/MMBtu),$/MMBtu,2.69
2019-03-01,Natural gas price ($/MMBtu),$/MMBtu,2.95
2019-04-01,Natural gas price ($/MMBtu),$/MMBtu,2.65
2019-05-01,Natural gas price ($/MMBtu),$/MMBtu,2.64
2019-06-01,Natural gas price ($/MMBtu),$/MMBtu,2.4
2019-07-01,Natural gas price ($/MMBtu),$/MMBtu,2.37
2019-08-01,Natural gas price ($/MMBtu),$/MMBtu,2.22
2019-09-01,Natural gas price ($/MMBtu),$/MMBtu,2.56
2019-10-01,Natural gas price ($/MMBtu),$/MMBtu,2.33
2019-11-01,Natural gas price ($/MMBtu),$/MMBtu,2.65
2019-12-01,Natural gas price ($/MMBtu),$/MMBtu,2.22
2020-01-01,Natural gas price ($/MMBtu),$/MMBtu,2.02
2020-02-01,Natural gas price ($/MMBtu),$/MMBtu,1.91
2020-03-01,Natural gas price ($/MMBtu),$/MMBtu,1.79
2020-04-01,Natural gas price ($/MMBtu),$/MMBtu,1.74
2020-05-01,Natural gas price ($/MMBtu),$/MMBtu,1.75
2020-06-01,Natural gas price ($/MMBtu),$/MMBtu,1.63
2020-07-01,Natural gas price ($/MMBtu),$/MMBtu,1.76
2020-08-01,Natural gas price ($/MMBtu),$/MMBtu,2.3
2020-09-01,Natural gas price ($/MMBtu),$/MMBtu,1.92
2020-10-01,Natural gas price ($/MMBtu),$/MMBtu,2.39
2020-11-01,Natural gas price ($/MMBtu),$/MMBtu,2.61
2020-12-01,Natural gas price ($/MMBtu),$/MMBtu,2.58
2021-01-01,Natural gas price ($/MMBtu),$/MMBtu,2.71
2021-02-01,Natural gas price ($/MMBtu),$/MMBtu,5.35
2021-03-01,Natural gas price ($/MMBtu),$/MMBtu,2.62
2021-04-01,Natural gas price ($/MMBtu),$/MMBtu,2.66
2021-05-01,Natural gas price ($/MMBtu),$/MMBtu,2.91
2021-06-01,Natural gas price ($/MMBtu),$/MMBtu,3.26
2021-07-01,Natural gas price ($/MMBtu),$/MMBtu,3.84
2021-08-01,Natural gas price ($/MMBtu),$/MMBtu,4.07
2021-09-01,Natural gas price ($/MMBtu),$/MMBtu,5.16
2021-10-01,Natural gas price ($/MMBtu),$/MMBtu,5.51
2021-11-01,Natural gas price ($/MMBtu),$/MMBtu,5.05
2021-12-01,Natural gas price ($/MMBtu),$/MMBtu,3.76
2022-01-01,Natural gas price ($/MMBtu),$/MMBtu,4.38
2022-02-01,Natural gas price ($/MMBtu),$/MMBtu,4.69
2022-03-01,Natural gas price ($/MMBtu),$/MMBtu,4.9
2022-04-01,Natural gas price ($/MMBtu),$/MMBtu,6.6
2022-05-01,Natural gas price ($/MMBtu),$/MMBtu,8.14
2022-06-01,Natural gas price ($/MMBtu),$/MMBtu,7.7
2022-07-01,Natural gas price ($/MMBtu),$/MMBtu,7.28
2022-08-01,Natural gas price ($/MMBtu),$/MMBtu,8.81
2022-09-01,Natural gas price ($/MMBtu),$/MMBtu,7.88
2022-10-01,Natural gas price ($/MMBtu),$/MMBtu,5.66
2022-11-01,Natural gas price ($/MMBtu),$/MMBtu,5.45
2022-12-01,Natural gas price ($/MMBtu),$/MMBtu,5.53
2023-01-01,Natural gas price ($/MMBtu),$/MMBtu,3.27
2023-02-01,Natural gas price ($/MMBtu),$/MMBtu,2.38
2023-03-01,Natural gas price ($/MMBtu),$/MMBtu,2.31
2023-04-01,Natural gas price ($/MMBtu),$/MMBtu,2.16
2023-05-01,Natural gas price ($/MMBtu),$/MMBtu,2.15
2023-06-01,Natural gas price ($/MMBtu),$/MMBtu,2.18
2023-07-01,Natural gas price ($/MMBtu),$/MMBtu,2.55
2023-08-01,Natural gas price ($/MMBtu),$/MMBtu,2.58
2023-09-01,Natural gas price ($/MMBtu),$/MMBtu,2.64
2023-10-01,Natural gas price ($/MMBtu),$/MMBtu,2.98
2023-11-01,Natural gas price ($/MMBtu),$/MMBtu,2.71
2023-12-01,Natural gas price ($/MMBtu),$/MMBtu,2.52
2024-01-01,Natural gas price ($/MMBtu),$/MMBtu,3.18
2024-02-01,Natural gas price ($/MMBtu),$/MMBtu,1.72
2024-03-01,Natural gas price ($/MMBtu),$/MMBtu,1.49
2024-04-01,Natural gas price ($/MMBtu),$/MMBtu,1.6
2024-05-01,Natural gas price ($/MMBtu),$/MMBtu,2.12
2024-06-01,Natural gas price ($/MMBtu),$/MMBtu,2.54
2024-07-01,Natural gas price ($/MMBtu),$/MMBtu,2.07
2024-08-01,Natural gas price ($/MMBtu),$/MMBtu,1.99
2024-09-01,Natural gas price ($/MMBtu),$/MMBtu,2.28
2024-10-01,Natural gas price ($/MMBtu),$/MMBtu,2.2
2024-11-01,Natural gas price ($/MMBtu),$/MMBtu,2.12
2024-12-01,Natural gas price ($/MMBtu),$/MMBtu,3.01
2025-01-01,Natural gas price ($/MMBtu),$/MMBtu,4.13
2025-02-01,Natural gas price ($/MMBtu),$/MMBtu,4.19
2025-03-01,Natural gas price ($/MMBtu),$/MMBtu,4.12
2025-04-01,Natural gas price ($/MMBtu),$/MMBtu,3.42
2025-05-01,Natural gas price ($/MMBtu),$/MMBtu,3.12
2025-06-01,Natural gas price ($/MMBtu),$/MMBtu,3.02
2025-07-01,Natural gas price ($/MMBtu),$/MMBtu,3.2
2025-08-01,Natural gas price ($/MMBtu),$/MMBtu,2.91
2025-09-01,Natural gas price ($/MMBtu),$/MMBtu,2.97
2025-10-01,Natural gas price ($/MMBtu),$/MMBtu,3.19
2025-11-01,Natural gas price ($/MMBtu),$/MMBtu,3.79
2025-12-01,Natural gas price ($/MMBtu),$/MMBtu,4.26
2026-01-01,Natural gas price ($/MMBtu),$/MMBtu,7.72
2026-02-01,Natural gas price ($/MMBtu),$/MMBtu,3.62
2026-03-01,Natural gas price ($/MMBtu),$/MMBtu,3.04
2026-04-01,Natural gas price ($/MMBtu),$/MMBtu,2.77
2026-05-01,Natural gas price ($/MMBtu),$/MMBtu,2.94
2026-06-01,Natural gas price ($/MMBtu),$/MMBtu,3.15
1978-11-01,"Electricity (indexed, Jan 2020=100)",index,34.3284
1978-12-01,"Electricity (indexed, Jan 2020=100)",index,34.3284
1979-01-01,"Electricity (indexed, Jan 2020=100)",index,34.3284
1979-02-01,"Electricity (indexed, Jan 2020=100)",index,35.0746
1979-03-01,"Electricity (indexed, Jan 2020=100)",index,35.0746
1979-04-01,"Electricity (indexed, Jan 2020=100)",index,35.8209
1979-05-01,"Electricity (indexed, Jan 2020=100)",index,36.5672
1979-06-01,"Electricity (indexed, Jan 2020=100)",index,38.806
1979-07-01,"Electricity (indexed, Jan 2020=100)",index,39.5522
1979-08-01,"Electricity (indexed, Jan 2020=100)",index,39.5522
1979-09-01,"Electricity (indexed, Jan 2020=100)",index,39.5522
1979-10-01,"Electricity (indexed, Jan 2020=100)",index,39.5522
1979-11-01,"Electricity (indexed, Jan 2020=100)",index,38.0597
1979-12-01,"Electricity (indexed, Jan 2020=100)",index,38.806
1980-01-01,"Electricity (indexed, Jan 2020=100)",index,39.5522
1980-02-01,"Electricity (indexed, Jan 2020=100)",index,41.0448
1980-03-01,"Electricity (indexed, Jan 2020=100)",index,41.791
1980-04-01,"Electricity (indexed, Jan 2020=100)",index,41.791
1980-05-01,"Electricity (indexed, Jan 2020=100)",index,43.2836
1980-06-01,"Electricity (indexed, Jan 2020=100)",index,47.0149
1980-07-01,"Electricity (indexed, Jan 2020=100)",index,47.7612
1980-08-01,"Electricity (indexed, Jan 2020=100)",index,47.7612
1980-09-01,"Electricity (indexed, Jan 2020=100)",index,48.5075
1980-10-01,"Electricity (indexed, Jan 2020=100)",index,47.0149
1980-11-01,"Electricity (indexed, Jan 2020=100)",index,45.5224
1980-12-01,"Electricity (indexed, Jan 2020=100)",index,46.2687
1981-01-01,"Electricity (indexed, Jan 2020=100)",index,47.0149
1981-02-01,"Electricity (indexed, Jan 2020=100)",index,47.7612
1981-03-01,"Electricity (indexed, Jan 2020=100)",index,48.5075
1981-04-01,"Electricity (indexed, Jan 2020=100)",index,49.2537
1981-05-01,"Electricity (indexed, Jan 2020=100)",index,50.0
1981-06-01,"Electricity (indexed, Jan 2020=100)",index,52.9851
1981-07-01,"Electricity (indexed, Jan 2020=100)",index,54.4776
1981-08-01,"Electricity (indexed, Jan 2020=100)",index,55.9701
1981-09-01,"Electricity (indexed, Jan 2020=100)",index,55.2239
1981-10-01,"Electricity (indexed, Jan 2020=100)",index,53.7313
1981-11-01,"Electricity (indexed, Jan 2020=100)",index,52.9851
1981-12-01,"Electricity (indexed, Jan 2020=100)",index,52.9851
1982-01-01,"Electricity (indexed, Jan 2020=100)",index,54.4776
1982-02-01,"Electricity (indexed, Jan 2020=100)",index,54.4776
1982-03-01,"Electricity (indexed, Jan 2020=100)",index,55.9701
1982-04-01,"Electricity (indexed, Jan 2020=100)",index,55.9701
1982-05-01,"Electricity (indexed, Jan 2020=100)",index,55.9701
1982-06-01,"Electricity (indexed, Jan 2020=100)",index,58.9552
1982-07-01,"Electricity (indexed, Jan 2020=100)",index,58.9552
1982-08-01,"Electricity (indexed, Jan 2020=100)",index,58.9552
1982-09-01,"Electricity (indexed, Jan 2020=100)",index,58.9552
1982-10-01,"Electricity (indexed, Jan 2020=100)",index,57.4627
1982-11-01,"Electricity (indexed, Jan 2020=100)",index,55.2239
1982-12-01,"Electricity (indexed, Jan 2020=100)",index,55.9701
1983-01-01,"Electricity (indexed, Jan 2020=100)",index,55.9701
1983-02-01,"Electricity (indexed, Jan 2020=100)",index,55.9701
1983-03-01,"Electricity (indexed, Jan 2020=100)",index,56.7164
1983-04-01,"Electricity (indexed, Jan 2020=100)",index,55.9701
1983-05-01,"Electricity (indexed, Jan 2020=100)",index,57.4627
1983-06-01,"Electricity (indexed, Jan 2020=100)",index,60.4478
1983-07-01,"Electricity (indexed, Jan 2020=100)",index,61.194
1983-08-01,"Electricity (indexed, Jan 2020=100)",index,61.194
1983-09-01,"Electricity (indexed, Jan 2020=100)",index,61.194
1983-10-01,"Electricity (indexed, Jan 2020=100)",index,59.7015
1983-11-01,"Electricity (indexed, Jan 2020=100)",index,57.4627
1983-12-01,"Electricity (indexed, Jan 2020=100)",index,57.4627
1984-01-01,"Electricity (indexed, Jan 2020=100)",index,58.209
1984-02-01,"Electricity (indexed, Jan 2020=100)",index,58.9552
1984-03-01,"Electricity (indexed, Jan 2020=100)",index,58.9552
1984-04-01,"Electricity (indexed, Jan 2020=100)",index,59.7015
1984-05-01,"Electricity (indexed, Jan 2020=100)",index,60.4478
1984-06-01,"Electricity (indexed, Jan 2020=100)",index,64.1791
1984-07-01,"Electricity (indexed, Jan 2020=100)",index,64.9254
1984-08-01,"Electricity (indexed, Jan 2020=100)",index,66.4179
1984-09-01,"Electricity (indexed, Jan 2020=100)",index,62.6866
1984-10-01,"Electricity (indexed, Jan 2020=100)",index,60.4478
1984-11-01,"Electricity (indexed, Jan 2020=100)",index,58.9552
1984-12-01,"Electricity (indexed, Jan 2020=100)",index,58.209
1985-01-01,"Electricity (indexed, Jan 2020=100)",index,58.9552
1985-02-01,"Electricity (indexed, Jan 2020=100)",index,58.9552
1985-03-01,"Electricity (indexed, Jan 2020=100)",index,58.9552
1985-04-01,"Electricity (indexed, Jan 2020=100)",index,59.7015
1985-05-01,"Electricity (indexed, Jan 2020=100)",index,59.7015
1985-06-01,"Electricity (indexed, Jan 2020=100)",index,63.4328
1985-07-01,"Electricity (indexed, Jan 2020=100)",index,63.4328
1985-08-01,"Electricity (indexed, Jan 2020=100)",index,63.4328
1985-09-01,"Electricity (indexed, Jan 2020=100)",index,62.3134
1985-10-01,"Electricity (indexed, Jan 2020=100)",index,61.194
1985-11-01,"Electricity (indexed, Jan 2020=100)",index,59.7015
1985-12-01,"Electricity (indexed, Jan 2020=100)",index,59.7015
1986-01-01,"Electricity (indexed, Jan 2020=100)",index,60.4478
1986-02-01,"Electricity (indexed, Jan 2020=100)",index,55.9701
1986-03-01,"Electricity (indexed, Jan 2020=100)",index,55.9701
1986-04-01,"Electricity (indexed, Jan 2020=100)",index,55.2239
1986-05-01,"Electricity (indexed, Jan 2020=100)",index,55.2239
1986-06-01,"Electricity (indexed, Jan 2020=100)",index,59.7015
1986-07-01,"Electricity (indexed, Jan 2020=100)",index,59.7015
1986-08-01,"Electricity (indexed, Jan 2020=100)",index,59.7015
1986-09-01,"Electricity (indexed, Jan 2020=100)",index,59.7015
1986-10-01,"Electricity (indexed, Jan 2020=100)",index,55.2239
1986-11-01,"Electricity (indexed, Jan 2020=100)",index,54.4776
1986-12-01,"Electricity (indexed, Jan 2020=100)",index,54.4776
1987-01-01,"Electricity (indexed, Jan 2020=100)",index,55.9701
1987-02-01,"Electricity (indexed, Jan 2020=100)",index,56.7164
1987-03-01,"Electricity (indexed, Jan 2020=100)",index,56.7164
1987-04-01,"Electricity (indexed, Jan 2020=100)",index,56.7164
1987-05-01,"Electricity (indexed, Jan 2020=100)",index,56.7164
1987-06-01,"Electricity (indexed, Jan 2020=100)",index,62.6866
1987-07-01,"Electricity (indexed, Jan 2020=100)",index,62.6866
1987-08-01,"Electricity (indexed, Jan 2020=100)",index,63.4328
1987-09-01,"Electricity (indexed, Jan 2020=100)",index,62.6866
1987-10-01,"Electricity (indexed, Jan 2020=100)",index,58.209
1987-11-01,"Electricity (indexed, Jan 2020=100)",index,57.4627
1987-12-01,"Electricity (indexed, Jan 2020=100)",index,57.4627
1988-01-01,"Electricity (indexed, Jan 2020=100)",index,58.209
1988-02-01,"Electricity (indexed, Jan 2020=100)",index,58.209
1988-03-01,"Electricity (indexed, Jan 2020=100)",index,58.209
1988-04-01,"Electricity (indexed, Jan 2020=100)",index,57.4627
1988-05-01,"Electricity (indexed, Jan 2020=100)",index,57.4627
1988-06-01,"Electricity (indexed, Jan 2020=100)",index,62.6866
1988-07-01,"Electricity (indexed, Jan 2020=100)",index,62.6866
1988-08-01,"Electricity (indexed, Jan 2020=100)",index,62.6866
1988-09-01,"Electricity (indexed, Jan 2020=100)",index,62.6866
1988-10-01,"Electricity (indexed, Jan 2020=100)",index,59.7015
1988-11-01,"Electricity (indexed, Jan 2020=100)",index,58.209
1988-12-01,"Electricity (indexed, Jan 2020=100)",index,58.209
1989-01-01,"Electricity (indexed, Jan 2020=100)",index,58.9552
1989-02-01,"Electricity (indexed, Jan 2020=100)",index,58.9552
1989-03-01,"Electricity (indexed, Jan 2020=100)",index,58.9552
1989-04-01,"Electricity (indexed, Jan 2020=100)",index,58.9552
1989-05-01,"Electricity (indexed, Jan 2020=100)",index,59.7015
1989-06-01,"Electricity (indexed, Jan 2020=100)",index,64.1791
1989-07-01,"Electricity (indexed, Jan 2020=100)",index,64.1791
1989-08-01,"Electricity (indexed, Jan 2020=100)",index,64.1791
1989-09-01,"Electricity (indexed, Jan 2020=100)",index,64.1791
1989-10-01,"Electricity (indexed, Jan 2020=100)",index,60.4478
1989-11-01,"Electricity (indexed, Jan 2020=100)",index,59.7015
1989-12-01,"Electricity (indexed, Jan 2020=100)",index,60.4478
1990-01-01,"Electricity (indexed, Jan 2020=100)",index,60.4478
1990-02-01,"Electricity (indexed, Jan 2020=100)",index,60.4478
1990-03-01,"Electricity (indexed, Jan 2020=100)",index,60.4478
1990-04-01,"Electricity (indexed, Jan 2020=100)",index,61.194
1990-05-01,"Electricity (indexed, Jan 2020=100)",index,61.194
1990-06-01,"Electricity (indexed, Jan 2020=100)",index,65.6716
1990-07-01,"Electricity (indexed, Jan 2020=100)",index,64.9254
1990-08-01,"Electricity (indexed, Jan 2020=100)",index,64.9254
1990-09-01,"Electricity (indexed, Jan 2020=100)",index,65.6716
1990-10-01,"Electricity (indexed, Jan 2020=100)",index,61.9403
1990-11-01,"Electricity (indexed, Jan 2020=100)",index,61.194
1990-12-01,"Electricity (indexed, Jan 2020=100)",index,61.194
1991-01-01,"Electricity (indexed, Jan 2020=100)",index,62.6866
1991-02-01,"Electricity (indexed, Jan 2020=100)",index,62.6866
1991-03-01,"Electricity (indexed, Jan 2020=100)",index,63.4328
1991-04-01,"Electricity (indexed, Jan 2020=100)",index,62.6866
1991-05-01,"Electricity (indexed, Jan 2020=100)",index,63.4328
1991-06-01,"Electricity (indexed, Jan 2020=100)",index,67.1642
1991-07-01,"Electricity (indexed, Jan 2020=100)",index,67.9104
1991-08-01,"Electricity (indexed, Jan 2020=100)",index,67.1642
1991-09-01,"Electricity (indexed, Jan 2020=100)",index,67.9104
1991-10-01,"Electricity (indexed, Jan 2020=100)",index,64.9254
1991-11-01,"Electricity (indexed, Jan 2020=100)",index,62.6866
1991-12-01,"Electricity (indexed, Jan 2020=100)",index,63.4328
1992-01-01,"Electricity (indexed, Jan 2020=100)",index,63.4328
1992-02-01,"Electricity (indexed, Jan 2020=100)",index,62.6866
1992-03-01,"Electricity (indexed, Jan 2020=100)",index,64.1791
1992-04-01,"Electricity (indexed, Jan 2020=100)",index,64.1791
1992-05-01,"Electricity (indexed, Jan 2020=100)",index,64.9254
1992-06-01,"Electricity (indexed, Jan 2020=100)",index,68.6567
1992-07-01,"Electricity (indexed, Jan 2020=100)",index,68.6567
1992-08-01,"Electricity (indexed, Jan 2020=100)",index,67.9104
1992-09-01,"Electricity (indexed, Jan 2020=100)",index,68.6567
1992-10-01,"Electricity (indexed, Jan 2020=100)",index,65.6716
1992-11-01,"Electricity (indexed, Jan 2020=100)",index,64.1791
1992-12-01,"Electricity (indexed, Jan 2020=100)",index,65.6716
1993-01-01,"Electricity (indexed, Jan 2020=100)",index,66.4179
1993-02-01,"Electricity (indexed, Jan 2020=100)",index,64.9254
1993-03-01,"Electricity (indexed, Jan 2020=100)",index,65.6716
1993-04-01,"Electricity (indexed, Jan 2020=100)",index,65.6716
1993-05-01,"Electricity (indexed, Jan 2020=100)",index,67.1642
1993-06-01,"Electricity (indexed, Jan 2020=100)",index,70.1493
1993-07-01,"Electricity (indexed, Jan 2020=100)",index,70.8955
1993-08-01,"Electricity (indexed, Jan 2020=100)",index,72.3881
1993-09-01,"Electricity (indexed, Jan 2020=100)",index,72.3881
1993-10-01,"Electricity (indexed, Jan 2020=100)",index,69.403
1993-11-01,"Electricity (indexed, Jan 2020=100)",index,67.9104
1993-12-01,"Electricity (indexed, Jan 2020=100)",index,67.1642
1994-01-01,"Electricity (indexed, Jan 2020=100)",index,67.1642
1994-02-01,"Electricity (indexed, Jan 2020=100)",index,67.1642
1994-03-01,"Electricity (indexed, Jan 2020=100)",index,66.4179
1994-04-01,"Electricity (indexed, Jan 2020=100)",index,65.6716
1994-05-01,"Electricity (indexed, Jan 2020=100)",index,67.1642
1994-06-01,"Electricity (indexed, Jan 2020=100)",index,70.8955
1994-07-01,"Electricity (indexed, Jan 2020=100)",index,70.8955
1994-08-01,"Electricity (indexed, Jan 2020=100)",index,71.6418
1994-09-01,"Electricity (indexed, Jan 2020=100)",index,71.6418
1994-10-01,"Electricity (indexed, Jan 2020=100)",index,69.403
1994-11-01,"Electricity (indexed, Jan 2020=100)",index,67.9104
1994-12-01,"Electricity (indexed, Jan 2020=100)",index,67.9104
1995-01-01,"Electricity (indexed, Jan 2020=100)",index,67.9104
1995-02-01,"Electricity (indexed, Jan 2020=100)",index,67.9104
1995-03-01,"Electricity (indexed, Jan 2020=100)",index,67.9104
1995-04-01,"Electricity (indexed, Jan 2020=100)",index,67.1642
1995-05-01,"Electricity (indexed, Jan 2020=100)",index,68.6567
1995-06-01,"Electricity (indexed, Jan 2020=100)",index,73.1343
1995-07-01,"Electricity (indexed, Jan 2020=100)",index,73.1343
1995-08-01,"Electricity (indexed, Jan 2020=100)",index,73.1343
1995-09-01,"Electricity (indexed, Jan 2020=100)",index,72.3881
1995-10-01,"Electricity (indexed, Jan 2020=100)",index,70.1493
1995-11-01,"Electricity (indexed, Jan 2020=100)",index,68.6567
1995-12-01,"Electricity (indexed, Jan 2020=100)",index,67.9104
1996-01-01,"Electricity (indexed, Jan 2020=100)",index,67.9104
1996-02-01,"Electricity (indexed, Jan 2020=100)",index,67.9104
1996-03-01,"Electricity (indexed, Jan 2020=100)",index,68.6567
1996-04-01,"Electricity (indexed, Jan 2020=100)",index,68.6567
1996-05-01,"Electricity (indexed, Jan 2020=100)",index,68.6567
1996-06-01,"Electricity (indexed, Jan 2020=100)",index,71.6418
1996-07-01,"Electricity (indexed, Jan 2020=100)",index,73.8806
1996-08-01,"Electricity (indexed, Jan 2020=100)",index,73.8806
1996-09-01,"Electricity (indexed, Jan 2020=100)",index,73.8806
1996-10-01,"Electricity (indexed, Jan 2020=100)",index,70.8955
1996-11-01,"Electricity (indexed, Jan 2020=100)",index,68.6567
1996-12-01,"Electricity (indexed, Jan 2020=100)",index,68.6567
1997-01-01,"Electricity (indexed, Jan 2020=100)",index,68.6567
1997-02-01,"Electricity (indexed, Jan 2020=100)",index,68.6567
1997-03-01,"Electricity (indexed, Jan 2020=100)",index,69.403
1997-04-01,"Electricity (indexed, Jan 2020=100)",index,68.6567
1997-05-01,"Electricity (indexed, Jan 2020=100)",index,69.403
1997-06-01,"Electricity (indexed, Jan 2020=100)",index,73.8806
1997-07-01,"Electricity (indexed, Jan 2020=100)",index,73.8806
1997-08-01,"Electricity (indexed, Jan 2020=100)",index,73.1343
1997-09-01,"Electricity (indexed, Jan 2020=100)",index,73.8806
1997-10-01,"Electricity (indexed, Jan 2020=100)",index,69.403
1997-11-01,"Electricity (indexed, Jan 2020=100)",index,68.6567
1997-12-01,"Electricity (indexed, Jan 2020=100)",index,67.1642
1998-01-01,"Electricity (indexed, Jan 2020=100)",index,64.1791
1998-02-01,"Electricity (indexed, Jan 2020=100)",index,63.4328
1998-03-01,"Electricity (indexed, Jan 2020=100)",index,63.4328
1998-04-01,"Electricity (indexed, Jan 2020=100)",index,63.4328
1998-05-01,"Electricity (indexed, Jan 2020=100)",index,64.1791
1998-06-01,"Electricity (indexed, Jan 2020=100)",index,67.9104
1998-07-01,"Electricity (indexed, Jan 2020=100)",index,67.9104
1998-08-01,"Electricity (indexed, Jan 2020=100)",index,67.1642
1998-09-01,"Electricity (indexed, Jan 2020=100)",index,66.4179
1998-10-01,"Electricity (indexed, Jan 2020=100)",index,64.1791
1998-11-01,"Electricity (indexed, Jan 2020=100)",index,62.6866
1998-12-01,"Electricity (indexed, Jan 2020=100)",index,62.6866
1999-01-01,"Electricity (indexed, Jan 2020=100)",index,62.6866
1999-02-01,"Electricity (indexed, Jan 2020=100)",index,62.6866
1999-03-01,"Electricity (indexed, Jan 2020=100)",index,62.6866
1999-04-01,"Electricity (indexed, Jan 2020=100)",index,62.6866
1999-05-01,"Electricity (indexed, Jan 2020=100)",index,63.4328
1999-06-01,"Electricity (indexed, Jan 2020=100)",index,66.4179
1999-07-01,"Electricity (indexed, Jan 2020=100)",index,67.1642
1999-08-01,"Electricity (indexed, Jan 2020=100)",index,66.4179
1999-09-01,"Electricity (indexed, Jan 2020=100)",index,67.1642
1999-10-01,"Electricity (indexed, Jan 2020=100)",index,64.9254
1999-11-01,"Electricity (indexed, Jan 2020=100)",index,63.4328
1999-12-01,"Electricity (indexed, Jan 2020=100)",index,63.4328
2000-01-01,"Electricity (indexed, Jan 2020=100)",index,62.6866
2000-02-01,"Electricity (indexed, Jan 2020=100)",index,63.4328
2000-03-01,"Electricity (indexed, Jan 2020=100)",index,63.4328
2000-04-01,"Electricity (indexed, Jan 2020=100)",index,63.4328
2000-05-01,"Electricity (indexed, Jan 2020=100)",index,63.4328
2000-06-01,"Electricity (indexed, Jan 2020=100)",index,67.1642
2000-07-01,"Electricity (indexed, Jan 2020=100)",index,67.9104
2000-08-01,"Electricity (indexed, Jan 2020=100)",index,67.9104
2000-09-01,"Electricity (indexed, Jan 2020=100)",index,67.9104
2000-10-01,"Electricity (indexed, Jan 2020=100)",index,65.6716
2000-11-01,"Electricity (indexed, Jan 2020=100)",index,64.1791
2000-12-01,"Electricity (indexed, Jan 2020=100)",index,64.1791
2001-01-01,"Electricity (indexed, Jan 2020=100)",index,65.6716
2001-02-01,"Electricity (indexed, Jan 2020=100)",index,65.6716
2001-03-01,"Electricity (indexed, Jan 2020=100)",index,66.4179
2001-04-01,"Electricity (indexed, Jan 2020=100)",index,66.4179
2001-05-01,"Electricity (indexed, Jan 2020=100)",index,67.1642
2001-06-01,"Electricity (indexed, Jan 2020=100)",index,72.3881
2001-07-01,"Electricity (indexed, Jan 2020=100)",index,73.8806
2001-08-01,"Electricity (indexed, Jan 2020=100)",index,73.1343
2001-09-01,"Electricity (indexed, Jan 2020=100)",index,72.3881
2001-10-01,"Electricity (indexed, Jan 2020=100)",index,69.403
2001-11-01,"Electricity (indexed, Jan 2020=100)",index,67.1642
2001-12-01,"Electricity (indexed, Jan 2020=100)",index,67.1642
2002-01-01,"Electricity (indexed, Jan 2020=100)",index,66.4179
2002-02-01,"Electricity (indexed, Jan 2020=100)",index,66.4179
2002-03-01,"Electricity (indexed, Jan 2020=100)",index,66.4179
2002-04-01,"Electricity (indexed, Jan 2020=100)",index,65.6716
2002-05-01,"Electricity (indexed, Jan 2020=100)",index,66.4179
2002-06-01,"Electricity (indexed, Jan 2020=100)",index,70.8955
2002-07-01,"Electricity (indexed, Jan 2020=100)",index,70.8955
2002-08-01,"Electricity (indexed, Jan 2020=100)",index,70.8955
2002-09-01,"Electricity (indexed, Jan 2020=100)",index,70.8955
2002-10-01,"Electricity (indexed, Jan 2020=100)",index,67.9104
2002-11-01,"Electricity (indexed, Jan 2020=100)",index,66.4179
2002-12-01,"Electricity (indexed, Jan 2020=100)",index,66.4179
2003-01-01,"Electricity (indexed, Jan 2020=100)",index,66.4179
2003-02-01,"Electricity (indexed, Jan 2020=100)",index,66.4179
2003-03-01,"Electricity (indexed, Jan 2020=100)",index,66.4179
2003-04-01,"Electricity (indexed, Jan 2020=100)",index,67.9104
2003-05-01,"Electricity (indexed, Jan 2020=100)",index,68.6567
2003-06-01,"Electricity (indexed, Jan 2020=100)",index,72.3881
2003-07-01,"Electricity (indexed, Jan 2020=100)",index,73.1343
2003-08-01,"Electricity (indexed, Jan 2020=100)",index,73.1343
2003-09-01,"Electricity (indexed, Jan 2020=100)",index,73.1343
2003-10-01,"Electricity (indexed, Jan 2020=100)",index,69.403
2003-11-01,"Electricity (indexed, Jan 2020=100)",index,67.1642
2003-12-01,"Electricity (indexed, Jan 2020=100)",index,67.1642
2004-01-01,"Electricity (indexed, Jan 2020=100)",index,67.9104
2004-02-01,"Electricity (indexed, Jan 2020=100)",index,67.9104
2004-03-01,"Electricity (indexed, Jan 2020=100)",index,67.9104
2004-04-01,"Electricity (indexed, Jan 2020=100)",index,67.9104
2004-05-01,"Electricity (indexed, Jan 2020=100)",index,69.403
2004-06-01,"Electricity (indexed, Jan 2020=100)",index,73.8806
2004-07-01,"Electricity (indexed, Jan 2020=100)",index,73.8806
2004-08-01,"Electricity (indexed, Jan 2020=100)",index,74.6269
2004-09-01,"Electricity (indexed, Jan 2020=100)",index,73.8806
2004-10-01,"Electricity (indexed, Jan 2020=100)",index,70.1493
2004-11-01,"Electricity (indexed, Jan 2020=100)",index,68.6567
2004-12-01,"Electricity (indexed, Jan 2020=100)",index,68.6567
2005-01-01,"Electricity (indexed, Jan 2020=100)",index,70.1493
2005-02-01,"Electricity (indexed, Jan 2020=100)",index,70.1493
2005-03-01,"Electricity (indexed, Jan 2020=100)",index,70.1493
2005-04-01,"Electricity (indexed, Jan 2020=100)",index,70.8955
2005-05-01,"Electricity (indexed, Jan 2020=100)",index,72.3881
2005-06-01,"Electricity (indexed, Jan 2020=100)",index,77.6119
2005-07-01,"Electricity (indexed, Jan 2020=100)",index,78.3582
2005-08-01,"Electricity (indexed, Jan 2020=100)",index,78.3582
2005-09-01,"Electricity (indexed, Jan 2020=100)",index,79.1045
2005-10-01,"Electricity (indexed, Jan 2020=100)",index,76.1194
2005-11-01,"Electricity (indexed, Jan 2020=100)",index,76.1194
2005-12-01,"Electricity (indexed, Jan 2020=100)",index,76.1194
2006-01-01,"Electricity (indexed, Jan 2020=100)",index,80.597
2006-02-01,"Electricity (indexed, Jan 2020=100)",index,80.597
2006-03-01,"Electricity (indexed, Jan 2020=100)",index,81.3433
2006-04-01,"Electricity (indexed, Jan 2020=100)",index,81.3433
2006-05-01,"Electricity (indexed, Jan 2020=100)",index,82.0896
2006-06-01,"Electricity (indexed, Jan 2020=100)",index,88.0597
2006-07-01,"Electricity (indexed, Jan 2020=100)",index,88.0597
2006-08-01,"Electricity (indexed, Jan 2020=100)",index,88.0597
2006-09-01,"Electricity (indexed, Jan 2020=100)",index,88.0597
2006-10-01,"Electricity (indexed, Jan 2020=100)",index,83.5821
2006-11-01,"Electricity (indexed, Jan 2020=100)",index,82.0896
2006-12-01,"Electricity (indexed, Jan 2020=100)",index,82.0896
2007-01-01,"Electricity (indexed, Jan 2020=100)",index,84.3284
2007-02-01,"Electricity (indexed, Jan 2020=100)",index,84.3284
2007-03-01,"Electricity (indexed, Jan 2020=100)",index,84.3284
2007-04-01,"Electricity (indexed, Jan 2020=100)",index,84.3284
2007-05-01,"Electricity (indexed, Jan 2020=100)",index,85.8209
2007-06-01,"Electricity (indexed, Jan 2020=100)",index,91.0448
2007-07-01,"Electricity (indexed, Jan 2020=100)",index,91.0448
2007-08-01,"Electricity (indexed, Jan 2020=100)",index,90.2985
2007-09-01,"Electricity (indexed, Jan 2020=100)",index,90.2985
2007-10-01,"Electricity (indexed, Jan 2020=100)",index,87.3134
2007-11-01,"Electricity (indexed, Jan 2020=100)",index,85.8209
2007-12-01,"Electricity (indexed, Jan 2020=100)",index,85.8209
2008-01-01,"Electricity (indexed, Jan 2020=100)",index,86.5672
2008-02-01,"Electricity (indexed, Jan 2020=100)",index,86.5672
2008-03-01,"Electricity (indexed, Jan 2020=100)",index,86.5672
2008-04-01,"Electricity (indexed, Jan 2020=100)",index,88.0597
2008-05-01,"Electricity (indexed, Jan 2020=100)",index,89.5522
2008-06-01,"Electricity (indexed, Jan 2020=100)",index,95.5224
2008-07-01,"Electricity (indexed, Jan 2020=100)",index,97.7612
2008-08-01,"Electricity (indexed, Jan 2020=100)",index,98.5075
2008-09-01,"Electricity (indexed, Jan 2020=100)",index,97.0149
2008-10-01,"Electricity (indexed, Jan 2020=100)",index,94.0299
2008-11-01,"Electricity (indexed, Jan 2020=100)",index,91.791
2008-12-01,"Electricity (indexed, Jan 2020=100)",index,92.5373
2009-01-01,"Electricity (indexed, Jan 2020=100)",index,94.0299
2009-02-01,"Electricity (indexed, Jan 2020=100)",index,94.0299
2009-03-01,"Electricity (indexed, Jan 2020=100)",index,94.0299
2009-04-01,"Electricity (indexed, Jan 2020=100)",index,93.2836
2009-05-01,"Electricity (indexed, Jan 2020=100)",index,94.0299
2009-06-01,"Electricity (indexed, Jan 2020=100)",index,98.5075
2009-07-01,"Electricity (indexed, Jan 2020=100)",index,97.7612
2009-08-01,"Electricity (indexed, Jan 2020=100)",index,97.0149
2009-09-01,"Electricity (indexed, Jan 2020=100)",index,97.0149
2009-10-01,"Electricity (indexed, Jan 2020=100)",index,94.0299
2009-11-01,"Electricity (indexed, Jan 2020=100)",index,92.5373
2009-12-01,"Electricity (indexed, Jan 2020=100)",index,92.5373
2010-01-01,"Electricity (indexed, Jan 2020=100)",index,92.5373
2010-02-01,"Electricity (indexed, Jan 2020=100)",index,91.791
2010-03-01,"Electricity (indexed, Jan 2020=100)",index,93.2836
2010-04-01,"Electricity (indexed, Jan 2020=100)",index,94.0299
2010-05-01,"Electricity (indexed, Jan 2020=100)",index,94.7761
2010-06-01,"Electricity (indexed, Jan 2020=100)",index,98.5075
2010-07-01,"Electricity (indexed, Jan 2020=100)",index,99.2537
2010-08-01,"Electricity (indexed, Jan 2020=100)",index,99.2537
2010-09-01,"Electricity (indexed, Jan 2020=100)",index,98.5075
2010-10-01,"Electricity (indexed, Jan 2020=100)",index,94.7761
2010-11-01,"Electricity (indexed, Jan 2020=100)",index,93.2836
2010-12-01,"Electricity (indexed, Jan 2020=100)",index,93.2836
2011-01-01,"Electricity (indexed, Jan 2020=100)",index,93.2836
2011-02-01,"Electricity (indexed, Jan 2020=100)",index,93.2836
2011-03-01,"Electricity (indexed, Jan 2020=100)",index,94.7761
2011-04-01,"Electricity (indexed, Jan 2020=100)",index,94.7761
2011-05-01,"Electricity (indexed, Jan 2020=100)",index,96.2687
2011-06-01,"Electricity (indexed, Jan 2020=100)",index,100.0
2011-07-01,"Electricity (indexed, Jan 2020=100)",index,100.7463
2011-08-01,"Electricity (indexed, Jan 2020=100)",index,100.7463
2011-09-01,"Electricity (indexed, Jan 2020=100)",index,100.7463
2011-10-01,"Electricity (indexed, Jan 2020=100)",index,97.0149
2011-11-01,"Electricity (indexed, Jan 2020=100)",index,95.5224
2011-12-01,"Electricity (indexed, Jan 2020=100)",index,94.7761
2012-01-01,"Electricity (indexed, Jan 2020=100)",index,95.5224
2012-02-01,"Electricity (indexed, Jan 2020=100)",index,95.5224
2012-03-01,"Electricity (indexed, Jan 2020=100)",index,94.7761
2012-04-01,"Electricity (indexed, Jan 2020=100)",index,94.7761
2012-05-01,"Electricity (indexed, Jan 2020=100)",index,96.2687
2012-06-01,"Electricity (indexed, Jan 2020=100)",index,100.7463
2012-07-01,"Electricity (indexed, Jan 2020=100)",index,99.2537
2012-08-01,"Electricity (indexed, Jan 2020=100)",index,99.2537
2012-09-01,"Electricity (indexed, Jan 2020=100)",index,99.2537
2012-10-01,"Electricity (indexed, Jan 2020=100)",index,95.5224
2012-11-01,"Electricity (indexed, Jan 2020=100)",index,94.7761
2012-12-01,"Electricity (indexed, Jan 2020=100)",index,94.7761
2013-01-01,"Electricity (indexed, Jan 2020=100)",index,96.2687
2013-02-01,"Electricity (indexed, Jan 2020=100)",index,96.2687
2013-03-01,"Electricity (indexed, Jan 2020=100)",index,95.5224
2013-04-01,"Electricity (indexed, Jan 2020=100)",index,95.5224
2013-05-01,"Electricity (indexed, Jan 2020=100)",index,97.7612
2013-06-01,"Electricity (indexed, Jan 2020=100)",index,102.2388
2013-07-01,"Electricity (indexed, Jan 2020=100)",index,102.2388
2013-08-01,"Electricity (indexed, Jan 2020=100)",index,102.2388
2013-09-01,"Electricity (indexed, Jan 2020=100)",index,102.2388
2013-10-01,"Electricity (indexed, Jan 2020=100)",index,98.5075
2013-11-01,"Electricity (indexed, Jan 2020=100)",index,97.0149
2013-12-01,"Electricity (indexed, Jan 2020=100)",index,97.7612
2014-01-01,"Electricity (indexed, Jan 2020=100)",index,100.0
2014-02-01,"Electricity (indexed, Jan 2020=100)",index,100.0
2014-03-01,"Electricity (indexed, Jan 2020=100)",index,100.7463
2014-04-01,"Electricity (indexed, Jan 2020=100)",index,97.7612
2014-05-01,"Electricity (indexed, Jan 2020=100)",index,101.4925
2014-06-01,"Electricity (indexed, Jan 2020=100)",index,106.7164
2014-07-01,"Electricity (indexed, Jan 2020=100)",index,106.7164
2014-08-01,"Electricity (indexed, Jan 2020=100)",index,106.7164
2014-09-01,"Electricity (indexed, Jan 2020=100)",index,105.2239
2014-10-01,"Electricity (indexed, Jan 2020=100)",index,101.4925
2014-11-01,"Electricity (indexed, Jan 2020=100)",index,100.0
2014-12-01,"Electricity (indexed, Jan 2020=100)",index,100.7463
2015-01-01,"Electricity (indexed, Jan 2020=100)",index,102.9851
2015-02-01,"Electricity (indexed, Jan 2020=100)",index,102.9851
2015-03-01,"Electricity (indexed, Jan 2020=100)",index,101.4925
2015-04-01,"Electricity (indexed, Jan 2020=100)",index,102.2388
2015-05-01,"Electricity (indexed, Jan 2020=100)",index,102.2388
2015-06-01,"Electricity (indexed, Jan 2020=100)",index,106.7164
2015-07-01,"Electricity (indexed, Jan 2020=100)",index,105.9701
2015-08-01,"Electricity (indexed, Jan 2020=100)",index,105.9701
2015-09-01,"Electricity (indexed, Jan 2020=100)",index,105.2239
2015-10-01,"Electricity (indexed, Jan 2020=100)",index,101.4925
2015-11-01,"Electricity (indexed, Jan 2020=100)",index,100.0
2015-12-01,"Electricity (indexed, Jan 2020=100)",index,99.2537
2016-01-01,"Electricity (indexed, Jan 2020=100)",index,100.0
2016-02-01,"Electricity (indexed, Jan 2020=100)",index,100.0
2016-03-01,"Electricity (indexed, Jan 2020=100)",index,100.0
2016-04-01,"Electricity (indexed, Jan 2020=100)",index,100.0
2016-05-01,"Electricity (indexed, Jan 2020=100)",index,99.2537
2016-06-01,"Electricity (indexed, Jan 2020=100)",index,102.9851
2016-07-01,"Electricity (indexed, Jan 2020=100)",index,103.7313
2016-08-01,"Electricity (indexed, Jan 2020=100)",index,103.7313
2016-09-01,"Electricity (indexed, Jan 2020=100)",index,103.7313
2016-10-01,"Electricity (indexed, Jan 2020=100)",index,100.0
2016-11-01,"Electricity (indexed, Jan 2020=100)",index,97.7612
2016-12-01,"Electricity (indexed, Jan 2020=100)",index,99.2537
2017-01-01,"Electricity (indexed, Jan 2020=100)",index,100.0
2017-02-01,"Electricity (indexed, Jan 2020=100)",index,100.7463
2017-03-01,"Electricity (indexed, Jan 2020=100)",index,100.0
2017-04-01,"Electricity (indexed, Jan 2020=100)",index,100.7463
2017-05-01,"Electricity (indexed, Jan 2020=100)",index,102.2388
2017-06-01,"Electricity (indexed, Jan 2020=100)",index,105.9701
2017-07-01,"Electricity (indexed, Jan 2020=100)",index,106.7164
2017-08-01,"Electricity (indexed, Jan 2020=100)",index,105.9701
2017-09-01,"Electricity (indexed, Jan 2020=100)",index,105.9701
2017-10-01,"Electricity (indexed, Jan 2020=100)",index,102.2388
2017-11-01,"Electricity (indexed, Jan 2020=100)",index,101.4925
2017-12-01,"Electricity (indexed, Jan 2020=100)",index,101.4925
2018-01-01,"Electricity (indexed, Jan 2020=100)",index,100.7463
2018-02-01,"Electricity (indexed, Jan 2020=100)",index,100.7463
2018-03-01,"Electricity (indexed, Jan 2020=100)",index,100.7463
2018-04-01,"Electricity (indexed, Jan 2020=100)",index,100.0
2018-05-01,"Electricity (indexed, Jan 2020=100)",index,101.4925
2018-06-01,"Electricity (indexed, Jan 2020=100)",index,103.7313
2018-07-01,"Electricity (indexed, Jan 2020=100)",index,103.7313
2018-08-01,"Electricity (indexed, Jan 2020=100)",index,103.7313
2018-09-01,"Electricity (indexed, Jan 2020=100)",index,102.9851
2018-10-01,"Electricity (indexed, Jan 2020=100)",index,101.4925
2018-11-01,"Electricity (indexed, Jan 2020=100)",index,100.0
2018-12-01,"Electricity (indexed, Jan 2020=100)",index,100.7463
2019-01-01,"Electricity (indexed, Jan 2020=100)",index,100.7463
2019-02-01,"Electricity (indexed, Jan 2020=100)",index,101.4925
2019-03-01,"Electricity (indexed, Jan 2020=100)",index,100.7463
2019-04-01,"Electricity (indexed, Jan 2020=100)",index,100.7463
2019-05-01,"Electricity (indexed, Jan 2020=100)",index,101.4925
2019-06-01,"Electricity (indexed, Jan 2020=100)",index,103.7313
2019-07-01,"Electricity (indexed, Jan 2020=100)",index,104.4776
2019-08-01,"Electricity (indexed, Jan 2020=100)",index,103.7313
2019-09-01,"Electricity (indexed, Jan 2020=100)",index,103.7313
2019-10-01,"Electricity (indexed, Jan 2020=100)",index,101.4925
2019-11-01,"Electricity (indexed, Jan 2020=100)",index,99.2537
2019-12-01,"Electricity (indexed, Jan 2020=100)",index,99.2537
2020-01-01,"Electricity (indexed, Jan 2020=100)",index,100.0
2020-02-01,"Electricity (indexed, Jan 2020=100)",index,100.0
2020-03-01,"Electricity (indexed, Jan 2020=100)",index,100.0
2020-04-01,"Electricity (indexed, Jan 2020=100)",index,99.2537
2020-05-01,"Electricity (indexed, Jan 2020=100)",index,100.0
2020-06-01,"Electricity (indexed, Jan 2020=100)",index,102.2388
2020-07-01,"Electricity (indexed, Jan 2020=100)",index,102.2388
2020-08-01,"Electricity (indexed, Jan 2020=100)",index,102.2388
2020-09-01,"Electricity (indexed, Jan 2020=100)",index,102.2388
2020-10-01,"Electricity (indexed, Jan 2020=100)",index,100.7463
2020-11-01,"Electricity (indexed, Jan 2020=100)",index,101.4925
2020-12-01,"Electricity (indexed, Jan 2020=100)",index,101.4925
2021-01-01,"Electricity (indexed, Jan 2020=100)",index,101.4925
2021-02-01,"Electricity (indexed, Jan 2020=100)",index,102.2388
2021-03-01,"Electricity (indexed, Jan 2020=100)",index,102.9851
2021-04-01,"Electricity (indexed, Jan 2020=100)",index,103.7313
2021-05-01,"Electricity (indexed, Jan 2020=100)",index,104.4776
2021-06-01,"Electricity (indexed, Jan 2020=100)",index,105.9701
2021-07-01,"Electricity (indexed, Jan 2020=100)",index,106.7164
2021-08-01,"Electricity (indexed, Jan 2020=100)",index,107.4627
2021-09-01,"Electricity (indexed, Jan 2020=100)",index,107.4627
2021-10-01,"Electricity (indexed, Jan 2020=100)",index,105.9701
2021-11-01,"Electricity (indexed, Jan 2020=100)",index,105.9701
2021-12-01,"Electricity (indexed, Jan 2020=100)",index,105.9701
2022-01-01,"Electricity (indexed, Jan 2020=100)",index,109.7015
2022-02-01,"Electricity (indexed, Jan 2020=100)",index,110.4478
2022-03-01,"Electricity (indexed, Jan 2020=100)",index,111.9403
2022-04-01,"Electricity (indexed, Jan 2020=100)",index,112.6866
2022-05-01,"Electricity (indexed, Jan 2020=100)",index,114.9254
2022-06-01,"Electricity (indexed, Jan 2020=100)",index,119.403
2022-07-01,"Electricity (indexed, Jan 2020=100)",index,122.3881
2022-08-01,"Electricity (indexed, Jan 2020=100)",index,124.6269
2022-09-01,"Electricity (indexed, Jan 2020=100)",index,124.6269
2022-10-01,"Electricity (indexed, Jan 2020=100)",index,123.8806
2022-11-01,"Electricity (indexed, Jan 2020=100)",index,121.6418
2022-12-01,"Electricity (indexed, Jan 2020=100)",index,123.1343
2023-01-01,"Electricity (indexed, Jan 2020=100)",index,125.3731
2023-02-01,"Electricity (indexed, Jan 2020=100)",index,125.3731
2023-03-01,"Electricity (indexed, Jan 2020=100)",index,123.8806
2023-04-01,"Electricity (indexed, Jan 2020=100)",index,123.1343
2023-05-01,"Electricity (indexed, Jan 2020=100)",index,123.1343
2023-06-01,"Electricity (indexed, Jan 2020=100)",index,126.8657
2023-07-01,"Electricity (indexed, Jan 2020=100)",index,126.1194
2023-08-01,"Electricity (indexed, Jan 2020=100)",index,126.8657
2023-09-01,"Electricity (indexed, Jan 2020=100)",index,127.6119
2023-10-01,"Electricity (indexed, Jan 2020=100)",index,126.1194
2023-11-01,"Electricity (indexed, Jan 2020=100)",index,125.3731
2023-12-01,"Electricity (indexed, Jan 2020=100)",index,126.1194
2024-01-01,"Electricity (indexed, Jan 2020=100)",index,129.1045
2024-02-01,"Electricity (indexed, Jan 2020=100)",index,129.1045
2024-03-01,"Electricity (indexed, Jan 2020=100)",index,129.8507
2024-04-01,"Electricity (indexed, Jan 2020=100)",index,129.1045
2024-05-01,"Electricity (indexed, Jan 2020=100)",index,130.597
2024-06-01,"Electricity (indexed, Jan 2020=100)",index,132.8358
2024-07-01,"Electricity (indexed, Jan 2020=100)",index,132.8358
2024-08-01,"Electricity (indexed, Jan 2020=100)",index,132.0896
2024-09-01,"Electricity (indexed, Jan 2020=100)",index,132.8358
2024-10-01,"Electricity (indexed, Jan 2020=100)",index,132.0896
2024-11-01,"Electricity (indexed, Jan 2020=100)",index,131.3433
2024-12-01,"Electricity (indexed, Jan 2020=100)",index,131.3433
2025-01-01,"Electricity (indexed, Jan 2020=100)",index,133.5821
2025-02-01,"Electricity (indexed, Jan 2020=100)",index,133.5821
2025-03-01,"Electricity (indexed, Jan 2020=100)",index,135.0746
2025-04-01,"Electricity (indexed, Jan 2020=100)",index,135.0746
2025-05-01,"Electricity (indexed, Jan 2020=100)",index,135.8209
2025-06-01,"Electricity (indexed, Jan 2020=100)",index,141.791
2025-07-01,"Electricity (indexed, Jan 2020=100)",index,141.0448
2025-08-01,"Electricity (indexed, Jan 2020=100)",index,141.791
2025-09-01,"Electricity (indexed, Jan 2020=100)",index,140.2985
2025-10-01,"Electricity (indexed, Jan 2020=100)",index,140.6716
2025-11-01,"Electricity (indexed, Jan 2020=100)",index,141.0448
2025-12-01,"Electricity (indexed, Jan 2020=100)",index,141.0448
2026-01-01,"Electricity (indexed, Jan 2020=100)",index,143.2836
2026-02-01,"Electricity (indexed, Jan 2020=100)",index,141.0448
2026-03-01,"Electricity (indexed, Jan 2020=100)",index,141.791
2026-04-01,"Electricity (indexed, Jan 2020=100)",index,144.7761
2026-05-01,"Electricity (indexed, Jan 2020=100)",index,146.2687
2026-06-01,"Electricity (indexed, Jan 2020=100)",index,147.7612
1997-12-01,"Natural gas 12-mo avg (indexed, Jan 2020=100)",index,123.5974
1998-01-01,"Natural gas 12-mo avg (indexed, Jan 2020=100)",index,117.9868
1998-02-01,"Natural gas 12-mo avg (indexed, Jan 2020=100)",index,118.3168
1998-03-01,"Natural gas 12-mo avg (indexed, Jan 2020=100)",index,119.7607
1998-04-01,"Natural gas 12-mo avg (indexed, Jan 2020=100)",index,121.4109
1998-05-01,"Natural gas 12-mo avg (indexed, Jan 2020=100)",index,120.9571
1998-06-01,"Natural gas 12-mo avg (indexed, Jan 2020=100)",index,120.8333
1998-07-01,"Natural gas 12-mo avg (indexed, Jan 2020=100)",index,120.7508
1998-08-01,"Natural gas 12-mo avg (indexed, Jan 2020=100)",index,118.1106
1998-09-01,"Natural gas 12-mo avg (indexed, Jan 2020=100)",index,114.5627
1998-10-01,"Natural gas 12-mo avg (indexed, Jan 2020=100)",index,109.7772
1998-11-01,"Natural gas 12-mo avg (indexed, Jan 2020=100)",index,106.1056
1998-12-01,"Natural gas 12-mo avg (indexed, Jan 2020=100)",index,103.5066
1999-01-01,"Natural gas 12-mo avg (indexed, Jan 2020=100)",index,102.5165
1999-02-01,"Natural gas 12-mo avg (indexed, Jan 2020=100)",index,100.6188
1999-03-01,"Natural gas 12-mo avg (indexed, Jan 2020=100)",index,98.7624
1999-04-01,"Natural gas 12-mo avg (indexed, Jan 2020=100)",index,97.6073
1999-05-01,"Natural gas 12-mo avg (indexed, Jan 2020=100)",index,98.1023
1999-06-01,"Natural gas 12-mo avg (indexed, Jan 2020=100)",index,98.6386
1999-07-01,"Natural gas 12-mo avg (indexed, Jan 2020=100)",index,99.2162
1999-08-01,"Natural gas 12-mo avg (indexed, Jan 2020=100)",index,103.1353
1999-09-01,"Natural gas 12-mo avg (indexed, Jan 2020=100)",index,105.3218
1999-10-01,"Natural gas 12-mo avg (indexed, Jan 2020=100)",index,108.7046
1999-11-01,"Natural gas 12-mo avg (indexed, Jan 2020=100)",index,109.736
1999-12-01,"Natural gas 12-mo avg (indexed, Jan 2020=100)",index,112.3762
2000-01-01,"Natural gas 12-mo avg (indexed, Jan 2020=100)",index,114.7277
2000-02-01,"Natural gas 12-mo avg (indexed, Jan 2020=100)",index,118.3993
2000-03-01,"Natural gas 12-mo avg (indexed, Jan 2020=100)",index,122.5248
2000-04-01,"Natural gas 12-mo avg (indexed, Jan 2020=100)",index,126.1964
2000-05-01,"Natural gas 12-mo avg (indexed, Jan 2020=100)",index,131.6832
2000-06-01,"Natural gas 12-mo avg (indexed, Jan 2020=100)",index,139.8927
2000-07-01,"Natural gas 12-mo avg (indexed, Jan 2020=100)",index,146.8234
2000-08-01,"Natural gas 12-mo avg (indexed, Jan 2020=100)",index,153.5479
2000-09-01,"Natural gas 12-mo avg (indexed, Jan 2020=100)",index,163.9026
2000-10-01,"Natural gas 12-mo avg (indexed, Jan 2020=100)",index,173.3498
2000-11-01,"Natural gas 12-mo avg (indexed, Jan 2020=100)",index,186.3449
2000-12-01,"Natural gas 12-mo avg (indexed, Jan 2020=100)",index,213.3251
2001-01-01,"Natural gas 12-mo avg (indexed, Jan 2020=100)",index,237.0462
2001-02-01,"Natural gas 12-mo avg (indexed, Jan 2020=100)",index,249.2162
2001-03-01,"Natural gas 12-mo avg (indexed, Jan 2020=100)",index,259.2822
2001-04-01,"Natural gas 12-mo avg (indexed, Jan 2020=100)",index,268.1518
2001-05-01,"Natural gas 12-mo avg (indexed, Jan 2020=100)",index,270.6271
2001-06-01,"Natural gas 12-mo avg (indexed, Jan 2020=100)",index,268.2756
2001-07-01,"Natural gas 12-mo avg (indexed, Jan 2020=100)",index,264.6452
2001-08-01,"Natural gas 12-mo avg (indexed, Jan 2020=100)",index,258.6221
2001-09-01,"Natural gas 12-mo avg (indexed, Jan 2020=100)",index,246.7822
2001-10-01,"Natural gas 12-mo avg (indexed, Jan 2020=100)",index,236.2211
2001-11-01,"Natural gas 12-mo avg (indexed, Jan 2020=100)",index,223.1023
2001-12-01,"Natural gas 12-mo avg (indexed, Jan 2020=100)",index,195.8746
2002-01-01,"Natural gas 12-mo avg (indexed, Jan 2020=100)",index,171.7409
2002-02-01,"Natural gas 12-mo avg (indexed, Jan 2020=100)",index,158.1683
2002-03-01,"Natural gas 12-mo avg (indexed, Jan 2020=100)",index,149.0924
2002-04-01,"Natural gas 12-mo avg (indexed, Jan 2020=100)",index,141.8317
2002-05-01,"Natural gas 12-mo avg (indexed, Jan 2020=100)",index,138.9851
2002-06-01,"Natural gas 12-mo avg (indexed, Jan 2020=100)",index,137.0875
2002-07-01,"Natural gas 12-mo avg (indexed, Jan 2020=100)",index,136.5924
2002-08-01,"Natural gas 12-mo avg (indexed, Jan 2020=100)",index,137.0875
2002-09-01,"Natural gas 12-mo avg (indexed, Jan 2020=100)",index,142.698
2002-10-01,"Natural gas 12-mo avg (indexed, Jan 2020=100)",index,149.5875
2002-11-01,"Natural gas 12-mo avg (indexed, Jan 2020=100)",index,156.6007
2002-12-01,"Natural gas 12-mo avg (indexed, Jan 2020=100)",index,166.6667
2003-01-01,"Natural gas 12-mo avg (indexed, Jan 2020=100)",index,179.4967
2003-02-01,"Natural gas 12-mo avg (indexed, Jan 2020=100)",index,201.7327
2003-03-01,"Natural gas 12-mo avg (indexed, Jan 2020=100)",index,213.6964
2003-04-01,"Natural gas 12-mo avg (indexed, Jan 2020=100)",index,221.2459
2003-05-01,"Natural gas 12-mo avg (indexed, Jan 2020=100)",index,230.7756
2003-06-01,"Natural gas 12-mo avg (indexed, Jan 2020=100)",index,241.3366
2003-07-01,"Natural gas 12-mo avg (indexed, Jan 2020=100)",index,249.7525
2003-08-01,"Natural gas 12-mo avg (indexed, Jan 2020=100)",index,257.5908
2003-09-01,"Natural gas 12-mo avg (indexed, Jan 2020=100)",index,262.005
2003-10-01,"Natural gas 12-mo avg (indexed, Jan 2020=100)",index,264.0677
2003-11-01,"Natural gas 12-mo avg (indexed, Jan 2020=100)",index,265.8416
2003-12-01,"Natural gas 12-mo avg (indexed, Jan 2020=100)",index,271.5759
2004-01-01,"Natural gas 12-mo avg (indexed, Jan 2020=100)",index,274.505
2004-02-01,"Natural gas 12-mo avg (indexed, Jan 2020=100)",index,264.8515
2004-03-01,"Natural gas 12-mo avg (indexed, Jan 2020=100)",index,262.6238
2004-04-01,"Natural gas 12-mo avg (indexed, Jan 2020=100)",index,264.4802
2004-05-01,"Natural gas 12-mo avg (indexed, Jan 2020=100)",index,266.6254
2004-06-01,"Natural gas 12-mo avg (indexed, Jan 2020=100)",index,268.4818
2004-07-01,"Natural gas 12-mo avg (indexed, Jan 2020=100)",index,272.1947
2004-08-01,"Natural gas 12-mo avg (indexed, Jan 2020=100)",index,273.9274
2004-09-01,"Natural gas 12-mo avg (indexed, Jan 2020=100)",index,276.1139
2004-10-01,"Natural gas 12-mo avg (indexed, Jan 2020=100)",index,283.2096
2004-11-01,"Natural gas 12-mo avg (indexed, Jan 2020=100)",index,290.2228
2004-12-01,"Natural gas 12-mo avg (indexed, Jan 2020=100)",index,292.0792
2005-01-01,"Natural gas 12-mo avg (indexed, Jan 2020=100)",index,292.1205
2005-02-01,"Natural gas 12-mo avg (indexed, Jan 2020=100)",index,295.297
2005-03-01,"Natural gas 12-mo avg (indexed, Jan 2020=100)",index,301.7739
2005-04-01,"Natural gas 12-mo avg (indexed, Jan 2020=100)",index,307.7558
2005-05-01,"Natural gas 12-mo avg (indexed, Jan 2020=100)",index,308.3333
2005-06-01,"Natural gas 12-mo avg (indexed, Jan 2020=100)",index,312.0875
2005-07-01,"Natural gas 12-mo avg (indexed, Jan 2020=100)",index,319.1007
2005-08-01,"Natural gas 12-mo avg (indexed, Jan 2020=100)",index,336.0974
2005-09-01,"Natural gas 12-mo avg (indexed, Jan 2020=100)",index,363.3251
2005-10-01,"Natural gas 12-mo avg (indexed, Jan 2020=100)",index,392.4917
2005-11-01,"Natural gas 12-mo avg (indexed, Jan 2020=100)",index,409.5297
2005-12-01,"Natural gas 12-mo avg (indexed, Jan 2020=100)",index,436.2211
2006-01-01,"Natural gas 12-mo avg (indexed, Jan 2020=100)",index,446.6997
2006-02-01,"Natural gas 12-mo avg (indexed, Jan 2020=100)",index,452.4752
2006-03-01,"Natural gas 12-mo avg (indexed, Jan 2020=100)",index,452.1865
2006-04-01,"Natural gas 12-mo avg (indexed, Jan 2020=100)",index,452.1865
2006-05-01,"Natural gas 12-mo avg (indexed, Jan 2020=100)",index,451.2789
2006-06-01,"Natural gas 12-mo avg (indexed, Jan 2020=100)",index,447.2772
2006-07-01,"Natural gas 12-mo avg (indexed, Jan 2020=100)",index,441.2541
2006-08-01,"Natural gas 12-mo avg (indexed, Jan 2020=100)",index,431.3944
2006-09-01,"Natural gas 12-mo avg (indexed, Jan 2020=100)",index,403.1353
2006-10-01,"Natural gas 12-mo avg (indexed, Jan 2020=100)",index,371.9059
2006-11-01,"Natural gas 12-mo avg (indexed, Jan 2020=100)",index,359.9835
2006-12-01,"Natural gas 12-mo avg (indexed, Jan 2020=100)",index,333.9109
2007-01-01,"Natural gas 12-mo avg (indexed, Jan 2020=100)",index,325.0825
2007-02-01,"Natural gas 12-mo avg (indexed, Jan 2020=100)",index,326.9802
2007-03-01,"Natural gas 12-mo avg (indexed, Jan 2020=100)",index,327.8878
2007-04-01,"Natural gas 12-mo avg (indexed, Jan 2020=100)",index,329.703
2007-05-01,"Natural gas 12-mo avg (indexed, Jan 2020=100)",index,335.4373
2007-06-01,"Natural gas 12-mo avg (indexed, Jan 2020=100)",index,340.1403
2007-07-01,"Natural gas 12-mo avg (indexed, Jan 2020=100)",index,340.3465
2007-08-01,"Natural gas 12-mo avg (indexed, Jan 2020=100)",index,336.5512
2007-09-01,"Natural gas 12-mo avg (indexed, Jan 2020=100)",index,341.4191
2007-10-01,"Natural gas 12-mo avg (indexed, Jan 2020=100)",index,345.0908
2007-11-01,"Natural gas 12-mo avg (indexed, Jan 2020=100)",index,343.8119
2007-12-01,"Natural gas 12-mo avg (indexed, Jan 2020=100)",index,345.3795
2008-01-01,"Natural gas 12-mo avg (indexed, Jan 2020=100)",index,351.3201
2008-02-01,"Natural gas 12-mo avg (indexed, Jan 2020=100)",index,353.5479
2008-03-01,"Natural gas 12-mo avg (indexed, Jan 2020=100)",index,363.0363
2008-04-01,"Natural gas 12-mo avg (indexed, Jan 2020=100)",index,373.6799
2008-05-01,"Natural gas 12-mo avg (indexed, Jan 2020=100)",index,388.6551
2008-06-01,"Natural gas 12-mo avg (indexed, Jan 2020=100)",index,410.6848
2008-07-01,"Natural gas 12-mo avg (indexed, Jan 2020=100)",index,430.7756
2008-08-01,"Natural gas 12-mo avg (indexed, Jan 2020=100)",index,439.1914
2008-09-01,"Natural gas 12-mo avg (indexed, Jan 2020=100)",index,445.7508
2008-10-01,"Natural gas 12-mo avg (indexed, Jan 2020=100)",index,445.7508
2008-11-01,"Natural gas 12-mo avg (indexed, Jan 2020=100)",index,444.0182
2008-12-01,"Natural gas 12-mo avg (indexed, Jan 2020=100)",index,438.6964
2009-01-01,"Natural gas 12-mo avg (indexed, Jan 2020=100)",index,427.3515
2009-02-01,"Natural gas 12-mo avg (indexed, Jan 2020=100)",index,410.7673
2009-03-01,"Natural gas 12-mo avg (indexed, Jan 2020=100)",index,388.2838
2009-04-01,"Natural gas 12-mo avg (indexed, Jan 2020=100)",index,360.7261
2009-05-01,"Natural gas 12-mo avg (indexed, Jan 2020=100)",index,330.033
2009-06-01,"Natural gas 12-mo avg (indexed, Jan 2020=100)",index,293.3581
2009-07-01,"Natural gas 12-mo avg (indexed, Jan 2020=100)",index,261.5512
2009-08-01,"Natural gas 12-mo avg (indexed, Jan 2020=100)",index,240.429
2009-09-01,"Natural gas 12-mo avg (indexed, Jan 2020=100)",index,221.1221
2009-10-01,"Natural gas 12-mo avg (indexed, Jan 2020=100)",index,209.8597
2009-11-01,"Natural gas 12-mo avg (indexed, Jan 2020=100)",index,197.401
2009-12-01,"Natural gas 12-mo avg (indexed, Jan 2020=100)",index,195.462
2010-01-01,"Natural gas 12-mo avg (indexed, Jan 2020=100)",index,197.896
2010-02-01,"Natural gas 12-mo avg (indexed, Jan 2020=100)",index,201.1964
2010-03-01,"Natural gas 12-mo avg (indexed, Jan 2020=100)",index,202.5578
2010-04-01,"Natural gas 12-mo avg (indexed, Jan 2020=100)",index,204.7442
2010-05-01,"Natural gas 12-mo avg (indexed, Jan 2020=100)",index,206.0231
2010-06-01,"Natural gas 12-mo avg (indexed, Jan 2020=100)",index,210.1485
2010-07-01,"Natural gas 12-mo avg (indexed, Jan 2020=100)",index,215.3053
2010-08-01,"Natural gas 12-mo avg (indexed, Jan 2020=100)",index,220.1733
2010-09-01,"Natural gas 12-mo avg (indexed, Jan 2020=100)",index,223.8861
2010-10-01,"Natural gas 12-mo avg (indexed, Jan 2020=100)",index,221.4934
2010-11-01,"Natural gas 12-mo avg (indexed, Jan 2020=100)",index,221.6997
2010-12-01,"Natural gas 12-mo avg (indexed, Jan 2020=100)",index,217.1617
2011-01-01,"Natural gas 12-mo avg (indexed, Jan 2020=100)",index,211.6337
2011-02-01,"Natural gas 12-mo avg (indexed, Jan 2020=100)",index,206.5594
2011-03-01,"Natural gas 12-mo avg (indexed, Jan 2020=100)",index,205.2393
2011-04-01,"Natural gas 12-mo avg (indexed, Jan 2020=100)",index,206.1056
2011-05-01,"Natural gas 12-mo avg (indexed, Jan 2020=100)",index,206.8069
2011-06-01,"Natural gas 12-mo avg (indexed, Jan 2020=100)",index,205.7343
2011-07-01,"Natural gas 12-mo avg (indexed, Jan 2020=100)",index,204.868
2011-08-01,"Natural gas 12-mo avg (indexed, Jan 2020=100)",index,203.7954
2011-09-01,"Natural gas 12-mo avg (indexed, Jan 2020=100)",index,203.8366
2011-10-01,"Natural gas 12-mo avg (indexed, Jan 2020=100)",index,204.4142
2011-11-01,"Natural gas 12-mo avg (indexed, Jan 2020=100)",index,202.4752
2011-12-01,"Natural gas 12-mo avg (indexed, Jan 2020=100)",index,198.0198
2012-01-01,"Natural gas 12-mo avg (indexed, Jan 2020=100)",index,190.5116
2012-02-01,"Natural gas 12-mo avg (indexed, Jan 2020=100)",index,183.9934
2012-03-01,"Natural gas 12-mo avg (indexed, Jan 2020=100)",index,176.5677
2012-04-01,"Natural gas 12-mo avg (indexed, Jan 2020=100)",index,167.1205
2012-05-01,"Natural gas 12-mo avg (indexed, Jan 2020=100)",index,159.3647
2012-06-01,"Natural gas 12-mo avg (indexed, Jan 2020=100)",index,150.7838
2012-07-01,"Natural gas 12-mo avg (indexed, Jan 2020=100)",index,144.7195
2012-08-01,"Natural gas 12-mo avg (indexed, Jan 2020=100)",index,139.6865
2012-09-01,"Natural gas 12-mo avg (indexed, Jan 2020=100)",index,135.3548
2012-10-01,"Natural gas 12-mo avg (indexed, Jan 2020=100)",index,134.3234
2012-11-01,"Natural gas 12-mo avg (indexed, Jan 2020=100)",index,135.5611
2012-12-01,"Natural gas 12-mo avg (indexed, Jan 2020=100)",index,136.2624
2013-01-01,"Natural gas 12-mo avg (indexed, Jan 2020=100)",index,138.9851
2013-02-01,"Natural gas 12-mo avg (indexed, Jan 2020=100)",index,142.368
2013-03-01,"Natural gas 12-mo avg (indexed, Jan 2020=100)",index,149.1337
2013-04-01,"Natural gas 12-mo avg (indexed, Jan 2020=100)",index,158.2921
2013-05-01,"Natural gas 12-mo avg (indexed, Jan 2020=100)",index,164.934
2013-06-01,"Natural gas 12-mo avg (indexed, Jan 2020=100)",index,170.5858
2013-07-01,"Natural gas 12-mo avg (indexed, Jan 2020=100)",index,173.3498
2013-08-01,"Natural gas 12-mo avg (indexed, Jan 2020=100)",index,175.7838
2013-09-01,"Natural gas 12-mo avg (indexed, Jan 2020=100)",index,178.9604
2013-10-01,"Natural gas 12-mo avg (indexed, Jan 2020=100)",index,180.4455
2013-11-01,"Natural gas 12-mo avg (indexed, Jan 2020=100)",index,180.8581
2013-12-01,"Natural gas 12-mo avg (indexed, Jan 2020=100)",index,184.571
2014-01-01,"Natural gas 12-mo avg (indexed, Jan 2020=100)",index,190.264
2014-02-01,"Natural gas 12-mo avg (indexed, Jan 2020=100)",index,201.2789
2014-03-01,"Natural gas 12-mo avg (indexed, Jan 2020=100)",index,205.7756
2014-04-01,"Natural gas 12-mo avg (indexed, Jan 2020=100)",index,207.797
2014-05-01,"Natural gas 12-mo avg (indexed, Jan 2020=100)",index,210.0248
2014-06-01,"Natural gas 12-mo avg (indexed, Jan 2020=100)",index,213.1601
2014-07-01,"Natural gas 12-mo avg (indexed, Jan 2020=100)",index,214.934
2014-08-01,"Natural gas 12-mo avg (indexed, Jan 2020=100)",index,216.9142
2014-09-01,"Natural gas 12-mo avg (indexed, Jan 2020=100)",index,218.1518
2014-10-01,"Natural gas 12-mo avg (indexed, Jan 2020=100)",index,218.5644
2014-11-01,"Natural gas 12-mo avg (indexed, Jan 2020=100)",index,220.5446
2014-12-01,"Natural gas 12-mo avg (indexed, Jan 2020=100)",index,217.4092
2015-01-01,"Natural gas 12-mo avg (indexed, Jan 2020=100)",index,210.3135
2015-02-01,"Natural gas 12-mo avg (indexed, Jan 2020=100)",index,197.401
2015-03-01,"Natural gas 12-mo avg (indexed, Jan 2020=100)",index,188.8614
2015-04-01,"Natural gas 12-mo avg (indexed, Jan 2020=100)",index,180.4043
2015-05-01,"Natural gas 12-mo avg (indexed, Jan 2020=100)",index,173.2673
2015-06-01,"Natural gas 12-mo avg (indexed, Jan 2020=100)",index,165.8003
2015-07-01,"Natural gas 12-mo avg (indexed, Jan 2020=100)",index,160.8086
2015-08-01,"Natural gas 12-mo avg (indexed, Jan 2020=100)",index,156.1056
2015-09-01,"Natural gas 12-mo avg (indexed, Jan 2020=100)",index,150.9076
2015-10-01,"Natural gas 12-mo avg (indexed, Jan 2020=100)",index,144.967
2015-11-01,"Natural gas 12-mo avg (indexed, Jan 2020=100)",index,136.5924
2015-12-01,"Natural gas 12-mo avg (indexed, Jan 2020=100)",index,130.198
2016-01-01,"Natural gas 12-mo avg (indexed, Jan 2020=100)",index,127.269
2016-02-01,"Natural gas 12-mo avg (indexed, Jan 2020=100)",index,123.6386
2016-03-01,"Natural gas 12-mo avg (indexed, Jan 2020=100)",index,119.1007
2016-04-01,"Natural gas 12-mo avg (indexed, Jan 2020=100)",index,116.2541
2016-05-01,"Natural gas 12-mo avg (indexed, Jan 2020=100)",index,112.4175
2016-06-01,"Natural gas 12-mo avg (indexed, Jan 2020=100)",index,111.6337
2016-07-01,"Natural gas 12-mo avg (indexed, Jan 2020=100)",index,111.5512
2016-08-01,"Natural gas 12-mo avg (indexed, Jan 2020=100)",index,111.7574
2016-09-01,"Natural gas 12-mo avg (indexed, Jan 2020=100)",index,113.1188
2016-10-01,"Natural gas 12-mo avg (indexed, Jan 2020=100)",index,115.7591
2016-11-01,"Natural gas 12-mo avg (indexed, Jan 2020=100)",index,117.6568
2016-12-01,"Natural gas 12-mo avg (indexed, Jan 2020=100)",index,124.505
2017-01-01,"Natural gas 12-mo avg (indexed, Jan 2020=100)",index,128.7129
2017-02-01,"Natural gas 12-mo avg (indexed, Jan 2020=100)",index,132.2607
2017-03-01,"Natural gas 12-mo avg (indexed, Jan 2020=100)",index,137.005
2017-04-01,"Natural gas 12-mo avg (indexed, Jan 2020=100)",index,141.8729
2017-05-01,"Natural gas 12-mo avg (indexed, Jan 2020=100)",index,146.9472
2017-06-01,"Natural gas 12-mo avg (indexed, Jan 2020=100)",index,148.5561
2017-07-01,"Natural gas 12-mo avg (indexed, Jan 2020=100)",index,149.2162
2017-08-01,"Natural gas 12-mo avg (indexed, Jan 2020=100)",index,149.5462
2017-09-01,"Natural gas 12-mo avg (indexed, Jan 2020=100)",index,149.505
2017-10-01,"Natural gas 12-mo avg (indexed, Jan 2020=100)",index,149.0924
2017-11-01,"Natural gas 12-mo avg (indexed, Jan 2020=100)",index,150.9901
2017-12-01,"Natural gas 12-mo avg (indexed, Jan 2020=100)",index,147.8135
2018-01-01,"Natural gas 12-mo avg (indexed, Jan 2020=100)",index,150.165
2018-02-01,"Natural gas 12-mo avg (indexed, Jan 2020=100)",index,149.4224
2018-03-01,"Natural gas 12-mo avg (indexed, Jan 2020=100)",index,148.6386
2018-04-01,"Natural gas 12-mo avg (indexed, Jan 2020=100)",index,147.401
2018-05-01,"Natural gas 12-mo avg (indexed, Jan 2020=100)",index,145.9571
2018-06-01,"Natural gas 12-mo avg (indexed, Jan 2020=100)",index,145.9158
2018-07-01,"Natural gas 12-mo avg (indexed, Jan 2020=100)",index,145.297
2018-08-01,"Natural gas 12-mo avg (indexed, Jan 2020=100)",index,145.5446
2018-09-01,"Natural gas 12-mo avg (indexed, Jan 2020=100)",index,145.6271
2018-10-01,"Natural gas 12-mo avg (indexed, Jan 2020=100)",index,147.2772
2018-11-01,"Natural gas 12-mo avg (indexed, Jan 2020=100)",index,151.7327
2018-12-01,"Natural gas 12-mo avg (indexed, Jan 2020=100)",index,156.7657
2019-01-01,"Natural gas 12-mo avg (indexed, Jan 2020=100)",index,153.6304
2019-02-01,"Natural gas 12-mo avg (indexed, Jan 2020=100)",index,153.7129
2019-03-01,"Natural gas 12-mo avg (indexed, Jan 2020=100)",index,154.7855
2019-04-01,"Natural gas 12-mo avg (indexed, Jan 2020=100)",index,154.1667
2019-05-01,"Natural gas 12-mo avg (indexed, Jan 2020=100)",index,153.5066
2019-06-01,"Natural gas 12-mo avg (indexed, Jan 2020=100)",index,151.1551
2019-07-01,"Natural gas 12-mo avg (indexed, Jan 2020=100)",index,149.2574
2019-08-01,"Natural gas 12-mo avg (indexed, Jan 2020=100)",index,146.2046
2019-09-01,"Natural gas 12-mo avg (indexed, Jan 2020=100)",index,144.3894
2019-10-01,"Natural gas 12-mo avg (indexed, Jan 2020=100)",index,140.4703
2019-11-01,"Natural gas 12-mo avg (indexed, Jan 2020=100)",index,134.5297
2019-12-01,"Natural gas 12-mo avg (indexed, Jan 2020=100)",index,127.0215
2020-01-01,"Natural gas 12-mo avg (indexed, Jan 2020=100)",index,122.5248
2020-02-01,"Natural gas 12-mo avg (indexed, Jan 2020=100)",index,119.3069
2020-03-01,"Natural gas 12-mo avg (indexed, Jan 2020=100)",index,114.5215
2020-04-01,"Natural gas 12-mo avg (indexed, Jan 2020=100)",index,110.7673
2020-05-01,"Natural gas 12-mo avg (indexed, Jan 2020=100)",index,107.0957
2020-06-01,"Natural gas 12-mo avg (indexed, Jan 2020=100)",index,103.9191
2020-07-01,"Natural gas 12-mo avg (indexed, Jan 2020=100)",index,101.4026
2020-08-01,"Natural gas 12-mo avg (indexed, Jan 2020=100)",index,101.7327
2020-09-01,"Natural gas 12-mo avg (indexed, Jan 2020=100)",index,99.0924
2020-10-01,"Natural gas 12-mo avg (indexed, Jan 2020=100)",index,99.3399
2020-11-01,"Natural gas 12-mo avg (indexed, Jan 2020=100)",index,99.1749
2020-12-01,"Natural gas 12-mo avg (indexed, Jan 2020=100)",index,100.6601
2021-01-01,"Natural gas 12-mo avg (indexed, Jan 2020=100)",index,103.5066
2021-02-01,"Natural gas 12-mo avg (indexed, Jan 2020=100)",index,117.698
2021-03-01,"Natural gas 12-mo avg (indexed, Jan 2020=100)",index,121.1221
2021-04-01,"Natural gas 12-mo avg (indexed, Jan 2020=100)",index,124.9175
2021-05-01,"Natural gas 12-mo avg (indexed, Jan 2020=100)",index,129.703
2021-06-01,"Natural gas 12-mo avg (indexed, Jan 2020=100)",index,136.4274
2021-07-01,"Natural gas 12-mo avg (indexed, Jan 2020=100)",index,145.0083
2021-08-01,"Natural gas 12-mo avg (indexed, Jan 2020=100)",index,152.3102
2021-09-01,"Natural gas 12-mo avg (indexed, Jan 2020=100)",index,165.6766
2021-10-01,"Natural gas 12-mo avg (indexed, Jan 2020=100)",index,178.5479
2021-11-01,"Natural gas 12-mo avg (indexed, Jan 2020=100)",index,188.6139
2021-12-01,"Natural gas 12-mo avg (indexed, Jan 2020=100)",index,193.4818
2022-01-01,"Natural gas 12-mo avg (indexed, Jan 2020=100)",index,200.3713
2022-02-01,"Natural gas 12-mo avg (indexed, Jan 2020=100)",index,197.6485
2022-03-01,"Natural gas 12-mo avg (indexed, Jan 2020=100)",index,207.0545
2022-04-01,"Natural gas 12-mo avg (indexed, Jan 2020=100)",index,223.3086
2022-05-01,"Natural gas 12-mo avg (indexed, Jan 2020=100)",index,244.8845
2022-06-01,"Natural gas 12-mo avg (indexed, Jan 2020=100)",index,263.2013
2022-07-01,"Natural gas 12-mo avg (indexed, Jan 2020=100)",index,277.3927
2022-08-01,"Natural gas 12-mo avg (indexed, Jan 2020=100)",index,296.9472
2022-09-01,"Natural gas 12-mo avg (indexed, Jan 2020=100)",index,308.1683
2022-10-01,"Natural gas 12-mo avg (indexed, Jan 2020=100)",index,308.7871
2022-11-01,"Natural gas 12-mo avg (indexed, Jan 2020=100)",index,310.4373
2022-12-01,"Natural gas 12-mo avg (indexed, Jan 2020=100)",index,317.7393
2023-01-01,"Natural gas 12-mo avg (indexed, Jan 2020=100)",index,313.1601
2023-02-01,"Natural gas 12-mo avg (indexed, Jan 2020=100)",index,303.6304
2023-03-01,"Natural gas 12-mo avg (indexed, Jan 2020=100)",index,292.9455
2023-04-01,"Natural gas 12-mo avg (indexed, Jan 2020=100)",index,274.6287
2023-05-01,"Natural gas 12-mo avg (indexed, Jan 2020=100)",index,249.9175
2023-06-01,"Natural gas 12-mo avg (indexed, Jan 2020=100)",index,227.1452
2023-07-01,"Natural gas 12-mo avg (indexed, Jan 2020=100)",index,207.632
2023-08-01,"Natural gas 12-mo avg (indexed, Jan 2020=100)",index,181.9307
2023-09-01,"Natural gas 12-mo avg (indexed, Jan 2020=100)",index,160.3135
2023-10-01,"Natural gas 12-mo avg (indexed, Jan 2020=100)",index,149.2574
2023-11-01,"Natural gas 12-mo avg (indexed, Jan 2020=100)",index,137.9538
2023-12-01,"Natural gas 12-mo avg (indexed, Jan 2020=100)",index,125.5363
2024-01-01,"Natural gas 12-mo avg (indexed, Jan 2020=100)",index,125.165
2024-02-01,"Natural gas 12-mo avg (indexed, Jan 2020=100)",index,122.4422
2024-03-01,"Natural gas 12-mo avg (indexed, Jan 2020=100)",index,119.0594
2024-04-01,"Natural gas 12-mo avg (indexed, Jan 2020=100)",index,116.7492
2024-05-01,"Natural gas 12-mo avg (indexed, Jan 2020=100)",index,116.6254
2024-06-01,"Natural gas 12-mo avg (indexed, Jan 2020=100)",index,118.1106
2024-07-01,"Natural gas 12-mo avg (indexed, Jan 2020=100)",index,116.1304
2024-08-01,"Natural gas 12-mo avg (indexed, Jan 2020=100)",index,113.6964
2024-09-01,"Natural gas 12-mo avg (indexed, Jan 2020=100)",index,112.2112
2024-10-01,"Natural gas 12-mo avg (indexed, Jan 2020=100)",index,108.9934
2024-11-01,"Natural gas 12-mo avg (indexed, Jan 2020=100)",index,106.5594
2024-12-01,"Natural gas 12-mo avg (indexed, Jan 2020=100)",index,108.5809
2025-01-01,"Natural gas 12-mo avg (indexed, Jan 2020=100)",index,112.5
2025-02-01,"Natural gas 12-mo avg (indexed, Jan 2020=100)",index,122.6898
2025-03-01,"Natural gas 12-mo avg (indexed, Jan 2020=100)",index,133.5396
2025-04-01,"Natural gas 12-mo avg (indexed, Jan 2020=100)",index,141.0479
2025-05-01,"Natural gas 12-mo avg (indexed, Jan 2020=100)",index,145.1733
2025-06-01,"Natural gas 12-mo avg (indexed, Jan 2020=100)",index,147.1535
2025-07-01,"Natural gas 12-mo avg (indexed, Jan 2020=100)",index,151.8152
2025-08-01,"Natural gas 12-mo avg (indexed, Jan 2020=100)",index,155.6106
2025-09-01,"Natural gas 12-mo avg (indexed, Jan 2020=100)",index,158.4571
2025-10-01,"Natural gas 12-mo avg (indexed, Jan 2020=100)",index,162.5413
2025-11-01,"Natural gas 12-mo avg (indexed, Jan 2020=100)",index,169.4307
2025-12-01,"Natural gas 12-mo avg (indexed, Jan 2020=100)",index,174.5875
2026-01-01,"Natural gas 12-mo avg (indexed, Jan 2020=100)",index,189.3977
2026-02-01,"Natural gas 12-mo avg (indexed, Jan 2020=100)",index,187.0462
2026-03-01,"Natural gas 12-mo avg (indexed, Jan 2020=100)",index,182.5908
2026-04-01,"Natural gas 12-mo avg (indexed, Jan 2020=100)",index,179.9092
2026-05-01,"Natural gas 12-mo avg (indexed, Jan 2020=100)",index,179.1667
2026-06-01,"Natural gas 12-mo avg (indexed, Jan 2020=100)",index,179.703
1984-11-01,Electricity 6-yr change (%),%,71.7391
1984-12-01,Electricity 6-yr change (%),%,69.5652
1985-01-01,Electricity 6-yr change (%),%,71.7391
1985-02-01,Electricity 6-yr change (%),%,68.0851
1985-03-01,Electricity 6-yr change (%),%,68.0851
1985-04-01,Electricity 6-yr change (%),%,66.6667
1985-05-01,Electricity 6-yr change (%),%,63.2653
1985-06-01,Electricity 6-yr change (%),%,63.4615
1985-07-01,Electricity 6-yr change (%),%,60.3774
1985-08-01,Electricity 6-yr change (%),%,60.3774
1985-09-01,Electricity 6-yr change (%),%,57.5472
1985-10-01,Electricity 6-yr change (%),%,54.717
1985-11-01,Electricity 6-yr change (%),%,56.8627
1985-12-01,Electricity 6-yr change (%),%,53.8462
1986-01-01,Electricity 6-yr change (%),%,52.8302
1986-02-01,Electricity 6-yr change (%),%,36.3636
1986-03-01,Electricity 6-yr change (%),%,33.9286
1986-04-01,Electricity 6-yr change (%),%,32.1429
1986-05-01,Electricity 6-yr change (%),%,27.5862
1986-06-01,Electricity 6-yr change (%),%,26.9841
1986-07-01,Electricity 6-yr change (%),%,25.0
1986-08-01,Electricity 6-yr change (%),%,25.0
1986-09-01,Electricity 6-yr change (%),%,23.0769
1986-10-01,Electricity 6-yr change (%),%,17.4603
1986-11-01,Electricity 6-yr change (%),%,19.6721
1986-12-01,Electricity 6-yr change (%),%,17.7419
1987-01-01,Electricity 6-yr change (%),%,19.0476
1987-02-01,Electricity 6-yr change (%),%,18.75
1987-03-01,Electricity 6-yr change (%),%,16.9231
1987-04-01,Electricity 6-yr change (%),%,15.1515
1987-05-01,Electricity 6-yr change (%),%,13.4328
1987-06-01,Electricity 6-yr change (%),%,18.3099
1987-07-01,Electricity 6-yr change (%),%,15.0685
1987-08-01,Electricity 6-yr change (%),%,13.3333
1987-09-01,Electricity 6-yr change (%),%,13.5135
1987-10-01,Electricity 6-yr change (%),%,8.3333
1987-11-01,Electricity 6-yr change (%),%,8.4507
1987-12-01,Electricity 6-yr change (%),%,8.4507
1988-01-01,Electricity 6-yr change (%),%,6.8493
1988-02-01,Electricity 6-yr change (%),%,6.8493
1988-03-01,Electricity 6-yr change (%),%,4.0
1988-04-01,Electricity 6-yr change (%),%,2.6667
1988-05-01,Electricity 6-yr change (%),%,2.6667
1988-06-01,Electricity 6-yr change (%),%,6.3291
1988-07-01,Electricity 6-yr change (%),%,6.3291
1988-08-01,Electricity 6-yr change (%),%,6.3291
1988-09-01,Electricity 6-yr change (%),%,6.3291
1988-10-01,Electricity 6-yr change (%),%,3.8961
1988-11-01,Electricity 6-yr change (%),%,5.4054
1988-12-01,Electricity 6-yr change (%),%,4.0
1989-01-01,Electricity 6-yr change (%),%,5.3333
1989-02-01,Electricity 6-yr change (%),%,5.3333
1989-03-01,Electricity 6-yr change (%),%,3.9474
1989-04-01,Electricity 6-yr change (%),%,5.3333
1989-05-01,Electricity 6-yr change (%),%,3.8961
1989-06-01,Electricity 6-yr change (%),%,6.1728
1989-07-01,Electricity 6-yr change (%),%,4.878
1989-08-01,Electricity 6-yr change (%),%,4.878
1989-09-01,Electricity 6-yr change (%),%,4.878
1989-10-01,Electricity 6-yr change (%),%,1.25
1989-11-01,Electricity 6-yr change (%),%,3.8961
1989-12-01,Electricity 6-yr change (%),%,5.1948
1990-01-01,Electricity 6-yr change (%),%,3.8462
1990-02-01,Electricity 6-yr change (%),%,2.5316
1990-03-01,Electricity 6-yr change (%),%,2.5316
1990-04-01,Electricity 6-yr change (%),%,2.5
1990-05-01,Electricity 6-yr change (%),%,1.2346
1990-06-01,Electricity 6-yr change (%),%,2.3256
1990-07-01,Electricity 6-yr change (%),%,0.0
1990-08-01,Electricity 6-yr change (%),%,-2.2472
1990-09-01,Electricity 6-yr change (%),%,4.7619
1990-10-01,Electricity 6-yr change (%),%,2.4691
1990-11-01,Electricity 6-yr change (%),%,3.7975
1990-12-01,Electricity 6-yr change (%),%,5.1282
1991-01-01,Electricity 6-yr change (%),%,6.3291
1991-02-01,Electricity 6-yr change (%),%,6.3291
1991-03-01,Electricity 6-yr change (%),%,7.5949
1991-04-01,Electricity 6-yr change (%),%,5.0
1991-05-01,Electricity 6-yr change (%),%,6.25
1991-06-01,Electricity 6-yr change (%),%,5.8824
1991-07-01,Electricity 6-yr change (%),%,7.0588
1991-08-01,Electricity 6-yr change (%),%,5.8824
1991-09-01,Electricity 6-yr change (%),%,8.982
1991-10-01,Electricity 6-yr change (%),%,6.0976
1991-11-01,Electricity 6-yr change (%),%,5.0
1991-12-01,Electricity 6-yr change (%),%,6.25
1992-01-01,Electricity 6-yr change (%),%,4.9383
1992-02-01,Electricity 6-yr change (%),%,12.0
1992-03-01,Electricity 6-yr change (%),%,14.6667
1992-04-01,Electricity 6-yr change (%),%,16.2162
1992-05-01,Electricity 6-yr change (%),%,17.5676
1992-06-01,Electricity 6-yr change (%),%,15.0
1992-07-01,Electricity 6-yr change (%),%,15.0
1992-08-01,Electricity 6-yr change (%),%,13.75
1992-09-01,Electricity 6-yr change (%),%,15.0
1992-10-01,Electricity 6-yr change (%),%,18.9189
1992-11-01,Electricity 6-yr change (%),%,17.8082
1992-12-01,Electricity 6-yr change (%),%,20.5479
1993-01-01,Electricity 6-yr change (%),%,18.6667
1993-02-01,Electricity 6-yr change (%),%,14.4737
1993-03-01,Electricity 6-yr change (%),%,15.7895
1993-04-01,Electricity 6-yr change (%),%,15.7895
1993-05-01,Electricity 6-yr change (%),%,18.4211
1993-06-01,Electricity 6-yr change (%),%,11.9048
1993-07-01,Electricity 6-yr change (%),%,13.0952
1993-08-01,Electricity 6-yr change (%),%,14.1176
1993-09-01,Electricity 6-yr change (%),%,15.4762
1993-10-01,Electricity 6-yr change (%),%,19.2308
1993-11-01,Electricity 6-yr change (%),%,18.1818
1993-12-01,Electricity 6-yr change (%),%,16.8831
1994-01-01,Electricity 6-yr change (%),%,15.3846
1994-02-01,Electricity 6-yr change (%),%,15.3846
1994-03-01,Electricity 6-yr change (%),%,14.1026
1994-04-01,Electricity 6-yr change (%),%,14.2857
1994-05-01,Electricity 6-yr change (%),%,16.8831
1994-06-01,Electricity 6-yr change (%),%,13.0952
1994-07-01,Electricity 6-yr change (%),%,13.0952
1994-08-01,Electricity 6-yr change (%),%,14.2857
1994-09-01,Electricity 6-yr change (%),%,14.2857
1994-10-01,Electricity 6-yr change (%),%,16.25
1994-11-01,Electricity 6-yr change (%),%,16.6667
1994-12-01,Electricity 6-yr change (%),%,16.6667
1995-01-01,Electricity 6-yr change (%),%,15.1899
1995-02-01,Electricity 6-yr change (%),%,15.1899
1995-03-01,Electricity 6-yr change (%),%,15.1899
1995-04-01,Electricity 6-yr change (%),%,13.9241
1995-05-01,Electricity 6-yr change (%),%,15.0
1995-06-01,Electricity 6-yr change (%),%,13.9535
1995-07-01,Electricity 6-yr change (%),%,13.9535
1995-08-01,Electricity 6-yr change (%),%,13.9535
1995-09-01,Electricity 6-yr change (%),%,12.7907
1995-10-01,Electricity 6-yr change (%),%,16.0494
1995-11-01,Electricity 6-yr change (%),%,15.0
1995-12-01,Electricity 6-yr change (%),%,12.3457
1996-01-01,Electricity 6-yr change (%),%,12.3457
1996-02-01,Electricity 6-yr change (%),%,12.3457
1996-03-01,Electricity 6-yr change (%),%,13.5802
1996-04-01,Electricity 6-yr change (%),%,12.1951
1996-05-01,Electricity 6-yr change (%),%,12.1951
1996-06-01,Electricity 6-yr change (%),%,9.0909
1996-07-01,Electricity 6-yr change (%),%,13.7931
1996-08-01,Electricity 6-yr change (%),%,13.7931
1996-09-01,Electricity 6-yr change (%),%,12.5
1996-10-01,Electricity 6-yr change (%),%,14.4578
1996-11-01,Electricity 6-yr change (%),%,12.1951
1996-12-01,Electricity 6-yr change (%),%,12.1951
1997-01-01,Electricity 6-yr change (%),%,9.5238
1997-02-01,Electricity 6-yr change (%),%,9.5238
1997-03-01,Electricity 6-yr change (%),%,9.4118
1997-04-01,Electricity 6-yr change (%),%,9.5238
1997-05-01,Electricity 6-yr change (%),%,9.4118
1997-06-01,Electricity 6-yr change (%),%,10.0
1997-07-01,Electricity 6-yr change (%),%,8.7912
1997-08-01,Electricity 6-yr change (%),%,8.8889
1997-09-01,Electricity 6-yr change (%),%,8.7912
1997-10-01,Electricity 6-yr change (%),%,6.8966
1997-11-01,Electricity 6-yr change (%),%,9.5238
1997-12-01,Electricity 6-yr change (%),%,5.8824
1998-01-01,Electricity 6-yr change (%),%,1.1765
1998-02-01,Electricity 6-yr change (%),%,1.1905
1998-03-01,Electricity 6-yr change (%),%,-1.1628
1998-04-01,Electricity 6-yr change (%),%,-1.1628
1998-05-01,Electricity 6-yr change (%),%,-1.1494
1998-06-01,Electricity 6-yr change (%),%,-1.087
1998-07-01,Electricity 6-yr change (%),%,-1.087
1998-08-01,Electricity 6-yr change (%),%,-1.0989
1998-09-01,Electricity 6-yr change (%),%,-3.2609
1998-10-01,Electricity 6-yr change (%),%,-2.2727
1998-11-01,Electricity 6-yr change (%),%,-2.3256
1998-12-01,Electricity 6-yr change (%),%,-4.5455
1999-01-01,Electricity 6-yr change (%),%,-5.618
1999-02-01,Electricity 6-yr change (%),%,-3.4483
1999-03-01,Electricity 6-yr change (%),%,-4.5455
1999-04-01,Electricity 6-yr change (%),%,-4.5455
1999-05-01,Electricity 6-yr change (%),%,-5.5556
1999-06-01,Electricity 6-yr change (%),%,-5.3191
1999-07-01,Electricity 6-yr change (%),%,-5.2632
1999-08-01,Electricity 6-yr change (%),%,-8.2474
1999-09-01,Electricity 6-yr change (%),%,-7.2165
1999-10-01,Electricity 6-yr change (%),%,-6.4516
1999-11-01,Electricity 6-yr change (%),%,-6.5934
1999-12-01,Electricity 6-yr change (%),%,-5.5556
2000-01-01,Electricity 6-yr change (%),%,-6.6667
2000-02-01,Electricity 6-yr change (%),%,-5.5556
2000-03-01,Electricity 6-yr change (%),%,-4.4944
2000-04-01,Electricity 6-yr change (%),%,-3.4091
2000-05-01,Electricity 6-yr change (%),%,-5.5556
2000-06-01,Electricity 6-yr change (%),%,-5.2632
2000-07-01,Electricity 6-yr change (%),%,-4.2105
2000-08-01,Electricity 6-yr change (%),%,-5.2083
2000-09-01,Electricity 6-yr change (%),%,-5.2083
2000-10-01,Electricity 6-yr change (%),%,-5.3763
2000-11-01,Electricity 6-yr change (%),%,-5.4945
2000-12-01,Electricity 6-yr change (%),%,-5.4945
2001-01-01,Electricity 6-yr change (%),%,-3.2967
2001-02-01,Electricity 6-yr change (%),%,-3.2967
2001-03-01,Electricity 6-yr change (%),%,-2.1978
2001-04-01,Electricity 6-yr change (%),%,-1.1111
2001-05-01,Electricity 6-yr change (%),%,-2.1739
2001-06-01,Electricity 6-yr change (%),%,-1.0204
2001-07-01,Electricity 6-yr change (%),%,1.0204
2001-08-01,Electricity 6-yr change (%),%,0.0
2001-09-01,Electricity 6-yr change (%),%,0.0
2001-10-01,Electricity 6-yr change (%),%,-1.0638
2001-11-01,Electricity 6-yr change (%),%,-2.1739
2001-12-01,Electricity 6-yr change (%),%,-1.0989
2002-01-01,Electricity 6-yr change (%),%,-2.1978
2002-02-01,Electricity 6-yr change (%),%,-2.1978
2002-03-01,Electricity 6-yr change (%),%,-3.2609
2002-04-01,Electricity 6-yr change (%),%,-4.3478
2002-05-01,Electricity 6-yr change (%),%,-3.2609
2002-06-01,Electricity 6-yr change (%),%,-1.0417
2002-07-01,Electricity 6-yr change (%),%,-4.0404
2002-08-01,Electricity 6-yr change (%),%,-4.0404
2002-09-01,Electricity 6-yr change (%),%,-4.0404
2002-10-01,Electricity 6-yr change (%),%,-4.2105
2002-11-01,Electricity 6-yr change (%),%,-3.2609
2002-12-01,Electricity 6-yr change (%),%,-3.2609
2003-01-01,Electricity 6-yr change (%),%,-3.2609
2003-02-01,Electricity 6-yr change (%),%,-3.2609
2003-03-01,Electricity 6-yr change (%),%,-4.3011
2003-04-01,Electricity 6-yr change (%),%,-1.087
2003-05-01,Electricity 6-yr change (%),%,-1.0753
2003-06-01,Electricity 6-yr change (%),%,-2.0202
2003-07-01,Electricity 6-yr change (%),%,-1.0101
2003-08-01,Electricity 6-yr change (%),%,0.0
2003-09-01,Electricity 6-yr change (%),%,-1.0101
2003-10-01,Electricity 6-yr change (%),%,0.0
2003-11-01,Electricity 6-yr change (%),%,-2.1739
2003-12-01,Electricity 6-yr change (%),%,0.0
2004-01-01,Electricity 6-yr change (%),%,5.814
2004-02-01,Electricity 6-yr change (%),%,7.0588
2004-03-01,Electricity 6-yr change (%),%,7.0588
2004-04-01,Electricity 6-yr change (%),%,7.0588
2004-05-01,Electricity 6-yr change (%),%,8.1395
2004-06-01,Electricity 6-yr change (%),%,8.7912
2004-07-01,Electricity 6-yr change (%),%,8.7912
2004-08-01,Electricity 6-yr change (%),%,11.1111
2004-09-01,Electricity 6-yr change (%),%,11.236
2004-10-01,Electricity 6-yr change (%),%,9.3023
2004-11-01,Electricity 6-yr change (%),%,9.5238
2004-12-01,Electricity 6-yr change (%),%,9.5238
2005-01-01,Electricity 6-yr change (%),%,11.9048
2005-02-01,Electricity 6-yr change (%),%,11.9048
2005-03-01,Electricity 6-yr change (%),%,11.9048
2005-04-01,Electricity 6-yr change (%),%,13.0952
2005-05-01,Electricity 6-yr change (%),%,14.1176
2005-06-01,Electricity 6-yr change (%),%,16.8539
2005-07-01,Electricity 6-yr change (%),%,16.6667
2005-08-01,Electricity 6-yr change (%),%,17.9775
2005-09-01,Electricity 6-yr change (%),%,17.7778
2005-10-01,Electricity 6-yr change (%),%,17.2414
2005-11-01,Electricity 6-yr change (%),%,20.0
2005-12-01,Electricity 6-yr change (%),%,20.0
2006-01-01,Electricity 6-yr change (%),%,28.5714
2006-02-01,Electricity 6-yr change (%),%,27.0588
2006-03-01,Electricity 6-yr change (%),%,28.2353
2006-04-01,Electricity 6-yr change (%),%,28.2353
2006-05-01,Electricity 6-yr change (%),%,29.4118
2006-06-01,Electricity 6-yr change (%),%,31.1111
2006-07-01,Electricity 6-yr change (%),%,29.6703
2006-08-01,Electricity 6-yr change (%),%,29.6703
2006-09-01,Electricity 6-yr change (%),%,29.6703
2006-10-01,Electricity 6-yr change (%),%,27.2727
2006-11-01,Electricity 6-yr change (%),%,27.907
2006-12-01,Electricity 6-yr change (%),%,27.907
2007-01-01,Electricity 6-yr change (%),%,28.4091
2007-02-01,Electricity 6-yr change (%),%,28.4091
2007-03-01,Electricity 6-yr change (%),%,26.9663
2007-04-01,Electricity 6-yr change (%),%,26.9663
2007-05-01,Electricity 6-yr change (%),%,27.7778
2007-06-01,Electricity 6-yr change (%),%,25.7732
2007-07-01,Electricity 6-yr change (%),%,23.2323
2007-08-01,Electricity 6-yr change (%),%,23.4694
2007-09-01,Electricity 6-yr change (%),%,24.7423
2007-10-01,Electricity 6-yr change (%),%,25.8065
2007-11-01,Electricity 6-yr change (%),%,27.7778
2007-12-01,Electricity 6-yr change (%),%,27.7778
2008-01-01,Electricity 6-yr change (%),%,30.3371
2008-02-01,Electricity 6-yr change (%),%,30.3371
2008-03-01,Electricity 6-yr change (%),%,30.3371
2008-04-01,Electricity 6-yr change (%),%,34.0909
2008-05-01,Electricity 6-yr change (%),%,34.8315
2008-06-01,Electricity 6-yr change (%),%,34.7368
2008-07-01,Electricity 6-yr change (%),%,37.8947
2008-08-01,Electricity 6-yr change (%),%,38.9474
2008-09-01,Electricity 6-yr change (%),%,36.8421
2008-10-01,Electricity 6-yr change (%),%,38.4615
2008-11-01,Electricity 6-yr change (%),%,38.2022
2008-12-01,Electricity 6-yr change (%),%,39.3258
2009-01-01,Electricity 6-yr change (%),%,41.573
2009-02-01,Electricity 6-yr change (%),%,41.573
2009-03-01,Electricity 6-yr change (%),%,41.573
2009-04-01,Electricity 6-yr change (%),%,37.3626
2009-05-01,Electricity 6-yr change (%),%,36.9565
2009-06-01,Electricity 6-yr change (%),%,36.0825
2009-07-01,Electricity 6-yr change (%),%,33.6735
2009-08-01,Electricity 6-yr change (%),%,32.6531
2009-09-01,Electricity 6-yr change (%),%,32.6531
2009-10-01,Electricity 6-yr change (%),%,35.4839
2009-11-01,Electricity 6-yr change (%),%,37.7778
2009-12-01,Electricity 6-yr change (%),%,37.7778
2010-01-01,Electricity 6-yr change (%),%,36.2637
2010-02-01,Electricity 6-yr change (%),%,35.1648
2010-03-01,Electricity 6-yr change (%),%,37.3626
2010-04-01,Electricity 6-yr change (%),%,38.4615
2010-05-01,Electricity 6-yr change (%),%,36.5591
2010-06-01,Electricity 6-yr change (%),%,33.3333
2010-07-01,Electricity 6-yr change (%),%,34.3434
2010-08-01,Electricity 6-yr change (%),%,33.0
2010-09-01,Electricity 6-yr change (%),%,33.3333
2010-10-01,Electricity 6-yr change (%),%,35.1064
2010-11-01,Electricity 6-yr change (%),%,35.8696
2010-12-01,Electricity 6-yr change (%),%,35.8696
2011-01-01,Electricity 6-yr change (%),%,32.9787
2011-02-01,Electricity 6-yr change (%),%,32.9787
2011-03-01,Electricity 6-yr change (%),%,35.1064
2011-04-01,Electricity 6-yr change (%),%,33.6842
2011-05-01,Electricity 6-yr change (%),%,32.9897
2011-06-01,Electricity 6-yr change (%),%,28.8462
2011-07-01,Electricity 6-yr change (%),%,28.5714
2011-08-01,Electricity 6-yr change (%),%,28.5714
2011-09-01,Electricity 6-yr change (%),%,27.3585
2011-10-01,Electricity 6-yr change (%),%,27.451
2011-11-01,Electricity 6-yr change (%),%,25.4902
2011-12-01,Electricity 6-yr change (%),%,24.5098
2012-01-01,Electricity 6-yr change (%),%,18.5185
2012-02-01,Electricity 6-yr change (%),%,18.5185
2012-03-01,Electricity 6-yr change (%),%,16.5138
2012-04-01,Electricity 6-yr change (%),%,16.5138
2012-05-01,Electricity 6-yr change (%),%,17.2727
2012-06-01,Electricity 6-yr change (%),%,14.4068
2012-07-01,Electricity 6-yr change (%),%,12.7119
2012-08-01,Electricity 6-yr change (%),%,12.7119
2012-09-01,Electricity 6-yr change (%),%,12.7119
2012-10-01,Electricity 6-yr change (%),%,14.2857
2012-11-01,Electricity 6-yr change (%),%,15.4545
2012-12-01,Electricity 6-yr change (%),%,15.4545
2013-01-01,Electricity 6-yr change (%),%,14.1593
2013-02-01,Electricity 6-yr change (%),%,14.1593
2013-03-01,Electricity 6-yr change (%),%,13.2743
2013-04-01,Electricity 6-yr change (%),%,13.2743
2013-05-01,Electricity 6-yr change (%),%,13.913
2013-06-01,Electricity 6-yr change (%),%,12.2951
2013-07-01,Electricity 6-yr change (%),%,12.2951
2013-08-01,Electricity 6-yr change (%),%,13.2231
2013-09-01,Electricity 6-yr change (%),%,13.2231
2013-10-01,Electricity 6-yr change (%),%,12.8205
2013-11-01,Electricity 6-yr change (%),%,13.0435
2013-12-01,Electricity 6-yr change (%),%,13.913
2014-01-01,Electricity 6-yr change (%),%,15.5172
2014-02-01,Electricity 6-yr change (%),%,15.5172
2014-03-01,Electricity 6-yr change (%),%,16.3793
2014-04-01,Electricity 6-yr change (%),%,11.0169
2014-05-01,Electricity 6-yr change (%),%,13.3333
2014-06-01,Electricity 6-yr change (%),%,11.7187
2014-07-01,Electricity 6-yr change (%),%,9.1603
2014-08-01,Electricity 6-yr change (%),%,8.3333
2014-09-01,Electricity 6-yr change (%),%,8.4615
2014-10-01,Electricity 6-yr change (%),%,7.9365
2014-11-01,Electricity 6-yr change (%),%,8.9431
2014-12-01,Electricity 6-yr change (%),%,8.871
2015-01-01,Electricity 6-yr change (%),%,9.5238
2015-02-01,Electricity 6-yr change (%),%,9.5238
2015-03-01,Electricity 6-yr change (%),%,7.9365
2015-04-01,Electricity 6-yr change (%),%,9.6
2015-05-01,Electricity 6-yr change (%),%,8.7302
2015-06-01,Electricity 6-yr change (%),%,8.3333
2015-07-01,Electricity 6-yr change (%),%,8.3969
2015-08-01,Electricity 6-yr change (%),%,9.2308
2015-09-01,Electricity 6-yr change (%),%,8.4615
2015-10-01,Electricity 6-yr change (%),%,7.9365
2015-11-01,Electricity 6-yr change (%),%,8.0645
2015-12-01,Electricity 6-yr change (%),%,7.2581
2016-01-01,Electricity 6-yr change (%),%,8.0645
2016-02-01,Electricity 6-yr change (%),%,8.9431
2016-03-01,Electricity 6-yr change (%),%,7.2
2016-04-01,Electricity 6-yr change (%),%,6.3492
2016-05-01,Electricity 6-yr change (%),%,4.7244
2016-06-01,Electricity 6-yr change (%),%,4.5455
2016-07-01,Electricity 6-yr change (%),%,4.5113
2016-08-01,Electricity 6-yr change (%),%,4.5113
2016-09-01,Electricity 6-yr change (%),%,5.303
2016-10-01,Electricity 6-yr change (%),%,5.5118
2016-11-01,Electricity 6-yr change (%),%,4.8
2016-12-01,Electricity 6-yr change (%),%,6.4
2017-01-01,Electricity 6-yr change (%),%,7.2
2017-02-01,Electricity 6-yr change (%),%,8.0
2017-03-01,Electricity 6-yr change (%),%,5.5118
2017-04-01,Electricity 6-yr change (%),%,6.2992
2017-05-01,Electricity 6-yr change (%),%,6.2016
2017-06-01,Electricity 6-yr change (%),%,5.9701
2017-07-01,Electricity 6-yr change (%),%,5.9259
2017-08-01,Electricity 6-yr change (%),%,5.1852
2017-09-01,Electricity 6-yr change (%),%,5.1852
2017-10-01,Electricity 6-yr change (%),%,5.3846
2017-11-01,Electricity 6-yr change (%),%,6.25
2017-12-01,Electricity 6-yr change (%),%,7.0866
2018-01-01,Electricity 6-yr change (%),%,5.4688
2018-02-01,Electricity 6-yr change (%),%,5.4688
2018-03-01,Electricity 6-yr change (%),%,6.2992
2018-04-01,Electricity 6-yr change (%),%,5.5118
2018-05-01,Electricity 6-yr change (%),%,5.4264
2018-06-01,Electricity 6-yr change (%),%,2.963
2018-07-01,Electricity 6-yr change (%),%,4.5113
2018-08-01,Electricity 6-yr change (%),%,4.5113
2018-09-01,Electricity 6-yr change (%),%,3.7594
2018-10-01,Electricity 6-yr change (%),%,6.25
2018-11-01,Electricity 6-yr change (%),%,5.5118
2018-12-01,Electricity 6-yr change (%),%,6.2992
2019-01-01,Electricity 6-yr change (%),%,4.6512
2019-02-01,Electricity 6-yr change (%),%,5.4264
2019-03-01,Electricity 6-yr change (%),%,5.4688
2019-04-01,Electricity 6-yr change (%),%,5.4688
2019-05-01,Electricity 6-yr change (%),%,3.8168
2019-06-01,Electricity 6-yr change (%),%,1.4599
2019-07-01,Electricity 6-yr change (%),%,2.1898
2019-08-01,Electricity 6-yr change (%),%,1.4599
2019-09-01,Electricity 6-yr change (%),%,1.4599
2019-10-01,Electricity 6-yr change (%),%,3.0303
2019-11-01,Electricity 6-yr change (%),%,2.3077
2019-12-01,Electricity 6-yr change (%),%,1.5267
2020-01-01,Electricity 6-yr change (%),%,0.0
2020-02-01,Electricity 6-yr change (%),%,0.0
2020-03-01,Electricity 6-yr change (%),%,-0.7407
2020-04-01,Electricity 6-yr change (%),%,1.5267
2020-05-01,Electricity 6-yr change (%),%,-1.4706
2020-06-01,Electricity 6-yr change (%),%,-4.1958
2020-07-01,Electricity 6-yr change (%),%,-4.1958
2020-08-01,Electricity 6-yr change (%),%,-4.1958
2020-09-01,Electricity 6-yr change (%),%,-2.8369
2020-10-01,Electricity 6-yr change (%),%,-0.7353
2020-11-01,Electricity 6-yr change (%),%,1.4925
2020-12-01,Electricity 6-yr change (%),%,0.7407
2021-01-01,Electricity 6-yr change (%),%,-1.4493
2021-02-01,Electricity 6-yr change (%),%,-0.7246
2021-03-01,Electricity 6-yr change (%),%,1.4706
2021-04-01,Electricity 6-yr change (%),%,1.4599
2021-05-01,Electricity 6-yr change (%),%,2.1898
2021-06-01,Electricity 6-yr change (%),%,-0.6993
2021-07-01,Electricity 6-yr change (%),%,0.7042
2021-08-01,Electricity 6-yr change (%),%,1.4085
2021-09-01,Electricity 6-yr change (%),%,2.1277
2021-10-01,Electricity 6-yr change (%),%,4.4118
2021-11-01,Electricity 6-yr change (%),%,5.9701
2021-12-01,Electricity 6-yr change (%),%,6.7669
2022-01-01,Electricity 6-yr change (%),%,9.7015
2022-02-01,Electricity 6-yr change (%),%,10.4478
2022-03-01,Electricity 6-yr change (%),%,11.9403
2022-04-01,Electricity 6-yr change (%),%,12.6866
2022-05-01,Electricity 6-yr change (%),%,15.7895
2022-06-01,Electricity 6-yr change (%),%,15.942
2022-07-01,Electricity 6-yr change (%),%,17.9856
2022-08-01,Electricity 6-yr change (%),%,20.1439
2022-09-01,Electricity 6-yr change (%),%,20.1439
2022-10-01,Electricity 6-yr change (%),%,23.8806
2022-11-01,Electricity 6-yr change (%),%,24.4275
2022-12-01,Electricity 6-yr change (%),%,24.0602
2023-01-01,Electricity 6-yr change (%),%,25.3731
2023-02-01,Electricity 6-yr change (%),%,24.4444
2023-03-01,Electricity 6-yr change (%),%,23.8806
2023-04-01,Electricity 6-yr change (%),%,22.2222
2023-05-01,Electricity 6-yr change (%),%,20.438
2023-06-01,Electricity 6-yr change (%),%,19.7183
2023-07-01,Electricity 6-yr change (%),%,18.1818
2023-08-01,Electricity 6-yr change (%),%,19.7183
2023-09-01,Electricity 6-yr change (%),%,20.4225
2023-10-01,Electricity 6-yr change (%),%,23.3577
2023-11-01,Electricity 6-yr change (%),%,23.5294
2023-12-01,Electricity 6-yr change (%),%,24.2647
2024-01-01,Electricity 6-yr change (%),%,28.1481
2024-02-01,Electricity 6-yr change (%),%,28.1481
2024-03-01,Electricity 6-yr change (%),%,28.8889
2024-04-01,Electricity 6-yr change (%),%,29.1045
2024-05-01,Electricity 6-yr change (%),%,28.6765
2024-06-01,Electricity 6-yr change (%),%,28.0576
2024-07-01,Electricity 6-yr change (%),%,28.0576
2024-08-01,Electricity 6-yr change (%),%,27.3381
2024-09-01,Electricity 6-yr change (%),%,28.9855
2024-10-01,Electricity 6-yr change (%),%,30.1471
2024-11-01,Electricity 6-yr change (%),%,31.3433
2024-12-01,Electricity 6-yr change (%),%,30.3704
2025-01-01,Electricity 6-yr change (%),%,32.5926
2025-02-01,Electricity 6-yr change (%),%,31.6176
2025-03-01,Electricity 6-yr change (%),%,34.0741
2025-04-01,Electricity 6-yr change (%),%,34.0741
2025-05-01,Electricity 6-yr change (%),%,33.8235
2025-06-01,Electricity 6-yr change (%),%,36.6906
2025-07-01,Electricity 6-yr change (%),%,35.0
2025-08-01,Electricity 6-yr change (%),%,36.6906
2025-09-01,Electricity 6-yr change (%),%,35.2518
2025-10-01,Electricity 6-yr change (%),%,38.6029
2025-11-01,Electricity 6-yr change (%),%,42.1053
2025-12-01,Electricity 6-yr change (%),%,42.1053
2026-01-01,Electricity 6-yr change (%),%,43.2836
2026-02-01,Electricity 6-yr change (%),%,41.0448
2026-03-01,Electricity 6-yr change (%),%,41.791
2026-04-01,Electricity 6-yr change (%),%,45.8647
2026-05-01,Electricity 6-yr change (%),%,46.2687
2026-06-01,Electricity 6-yr change (%),%,44.5255
1984-11-01,All prices / CPI 6-yr change (%),%,56.0
1984-12-01,All prices / CPI 6-yr change (%),%,55.3756
1985-01-01,All prices / CPI 6-yr change (%),%,54.3066
1985-02-01,All prices / CPI 6-yr change (%),%,53.6127
1985-03-01,All prices / CPI 6-yr change (%),%,52.7897
1985-04-01,All prices / CPI 6-yr change (%),%,51.5581
1985-05-01,All prices / CPI 6-yr change (%),%,50.1401
1985-06-01,All prices / CPI 6-yr change (%),%,48.892
1985-07-01,All prices / CPI 6-yr change (%),%,47.5342
1985-08-01,All prices / CPI 6-yr change (%),%,46.4043
1985-09-01,All prices / CPI 6-yr change (%),%,45.2957
1985-10-01,All prices / CPI 6-yr change (%),%,44.2819
1985-11-01,All prices / CPI 6-yr change (%),%,43.4211
1985-12-01,All prices / CPI 6-yr change (%),%,42.3927
1986-01-01,All prices / CPI 6-yr change (%),%,40.8974
1986-02-01,All prices / CPI 6-yr change (%),%,38.8608
1986-03-01,All prices / CPI 6-yr change (%),%,36.2047
1986-04-01,All prices / CPI 6-yr change (%),%,34.3634
1986-05-01,All prices / CPI 6-yr change (%),%,33.4149
1986-06-01,All prices / CPI 6-yr change (%),%,32.6061
1986-07-01,All prices / CPI 6-yr change (%),%,32.5666
1986-08-01,All prices / CPI 6-yr change (%),%,31.7308
1986-09-01,All prices / CPI 6-yr change (%),%,31.1085
1986-10-01,All prices / CPI 6-yr change (%),%,30.1063
1986-11-01,All prices / CPI 6-yr change (%),%,28.972
1986-12-01,All prices / CPI 6-yr change (%),%,28.2407
1987-01-01,All prices / CPI 6-yr change (%),%,27.7523
1987-02-01,All prices / CPI 6-yr change (%),%,27.0455
1987-03-01,All prices / CPI 6-yr change (%),%,26.6366
1987-04-01,All prices / CPI 6-yr change (%),%,26.4871
1987-05-01,All prices / CPI 6-yr change (%),%,25.9755
1987-06-01,All prices / CPI 6-yr change (%),%,25.4144
1987-07-01,All prices / CPI 6-yr change (%),%,24.3716
1987-08-01,All prices / CPI 6-yr change (%),%,23.9696
1987-09-01,All prices / CPI 6-yr change (%),%,23.2009
1987-10-01,All prices / CPI 6-yr change (%),%,23.1263
1987-11-01,All prices / CPI 6-yr change (%),%,23.0277
1987-12-01,All prices / CPI 6-yr change (%),%,22.848
1988-01-01,All prices / CPI 6-yr change (%),%,22.8814
1988-02-01,All prices / CPI 6-yr change (%),%,22.7033
1988-03-01,All prices / CPI 6-yr change (%),%,23.0201
1988-04-01,All prices / CPI 6-yr change (%),%,23.3684
1988-05-01,All prices / CPI 6-yr change (%),%,22.5235
1988-06-01,All prices / CPI 6-yr change (%),%,21.6495
1988-07-01,All prices / CPI 6-yr change (%),%,21.5385
1988-08-01,All prices / CPI 6-yr change (%),%,21.8014
1988-09-01,All prices / CPI 6-yr change (%),%,22.3132
1988-10-01,All prices / CPI 6-yr change (%),%,22.2222
1988-11-01,All prices / CPI 6-yr change (%),%,22.7551
1988-12-01,All prices / CPI 6-yr change (%),%,23.5415
1989-01-01,All prices / CPI 6-yr change (%),%,23.7998
1989-02-01,All prices / CPI 6-yr change (%),%,24.0816
1989-03-01,All prices / CPI 6-yr change (%),%,24.5668
1989-04-01,All prices / CPI 6-yr change (%),%,24.5951
1989-05-01,All prices / CPI 6-yr change (%),%,24.6976
1989-06-01,All prices / CPI 6-yr change (%),%,24.8491
1989-07-01,All prices / CPI 6-yr change (%),%,24.7495
1989-08-01,All prices / CPI 6-yr change (%),%,24.3756
1989-09-01,All prices / CPI 6-yr change (%),%,24.3028
1989-10-01,All prices / CPI 6-yr change (%),%,24.4048
1989-11-01,All prices / CPI 6-yr change (%),%,24.5302
1989-12-01,All prices / CPI 6-yr change (%),%,24.5562
1990-01-01,All prices / CPI 6-yr change (%),%,24.8776
1990-02-01,All prices / CPI 6-yr change (%),%,24.7563
1990-03-01,All prices / CPI 6-yr change (%),%,24.9757
1990-04-01,All prices / CPI 6-yr change (%),%,24.7822
1990-05-01,All prices / CPI 6-yr change (%),%,24.7343
1990-06-01,All prices / CPI 6-yr change (%),%,25.2652
1990-07-01,All prices / CPI 6-yr change (%),%,25.3602
1990-08-01,All prices / CPI 6-yr change (%),%,26.0536
1990-09-01,All prices / CPI 6-yr change (%),%,26.5521
1990-10-01,All prices / CPI 6-yr change (%),%,26.9267
1990-11-01,All prices / CPI 6-yr change (%),%,26.9706
1990-12-01,All prices / CPI 6-yr change (%),%,27.2038
1991-01-01,All prices / CPI 6-yr change (%),%,27.4361
1991-02-01,All prices / CPI 6-yr change (%),%,26.8109
1991-03-01,All prices / CPI 6-yr change (%),%,26.2172
1991-04-01,All prices / CPI 6-yr change (%),%,26.2617
1991-05-01,All prices / CPI 6-yr change (%),%,26.4925
1991-06-01,All prices / CPI 6-yr change (%),%,26.5116
1991-07-01,All prices / CPI 6-yr change (%),%,26.4624
1991-08-01,All prices / CPI 6-yr change (%),%,26.5987
1991-09-01,All prices / CPI 6-yr change (%),%,26.7345
1991-10-01,All prices / CPI 6-yr change (%),%,26.4516
1991-11-01,All prices / CPI 6-yr change (%),%,26.422
1991-12-01,All prices / CPI 6-yr change (%),%,26.21
1992-01-01,All prices / CPI 6-yr change (%),%,25.8417
1992-02-01,All prices / CPI 6-yr change (%),%,26.3446
1992-03-01,All prices / CPI 6-yr change (%),%,27.4977
1992-04-01,All prices / CPI 6-yr change (%),%,28.2429
1992-05-01,All prices / CPI 6-yr change (%),%,28.1651
1992-06-01,All prices / CPI 6-yr change (%),%,28.0622
1992-07-01,All prices / CPI 6-yr change (%),%,28.3105
1992-08-01,All prices / CPI 6-yr change (%),%,28.4672
1992-09-01,All prices / CPI 6-yr change (%),%,28.2727
1992-10-01,All prices / CPI 6-yr change (%),%,28.5844
1992-11-01,All prices / CPI 6-yr change (%),%,28.7138
1992-12-01,All prices / CPI 6-yr change (%),%,28.4296
1993-01-01,All prices / CPI 6-yr change (%),%,28.1867
1993-02-01,All prices / CPI 6-yr change (%),%,27.9964
1993-03-01,All prices / CPI 6-yr change (%),%,27.7184
1993-04-01,All prices / CPI 6-yr change (%),%,27.5954
1993-05-01,All prices / CPI 6-yr change (%),%,27.6106
1993-06-01,All prices / CPI 6-yr change (%),%,27.1366
1993-07-01,All prices / CPI 6-yr change (%),%,26.9772
1993-08-01,All prices / CPI 6-yr change (%),%,26.6842
1993-09-01,All prices / CPI 6-yr change (%),%,26.4167
1993-10-01,All prices / CPI 6-yr change (%),%,26.6087
1993-11-01,All prices / CPI 6-yr change (%),%,26.5165
1993-12-01,All prices / CPI 6-yr change (%),%,26.5571
1994-01-01,All prices / CPI 6-yr change (%),%,26.1207
1994-02-01,All prices / CPI 6-yr change (%),%,26.2478
1994-03-01,All prices / CPI 6-yr change (%),%,26.2661
1994-04-01,All prices / CPI 6-yr change (%),%,25.5973
1994-05-01,All prices / CPI 6-yr change (%),%,25.5319
1994-06-01,All prices / CPI 6-yr change (%),%,25.339
1994-07-01,All prices / CPI 6-yr change (%),%,25.2321
1994-08-01,All prices / CPI 6-yr change (%),%,25.2101
1994-09-01,All prices / CPI 6-yr change (%),%,24.9372
1994-10-01,All prices / CPI 6-yr change (%),%,24.6038
1994-11-01,All prices / CPI 6-yr change (%),%,24.522
1994-12-01,All prices / CPI 6-yr change (%),%,24.3579
1995-01-01,All prices / CPI 6-yr change (%),%,24.1749
1995-02-01,All prices / CPI 6-yr change (%),%,24.0954
1995-03-01,All prices / CPI 6-yr change (%),%,23.7316
1995-04-01,All prices / CPI 6-yr change (%),%,23.3144
1995-05-01,All prices / CPI 6-yr change (%),%,22.9588
1995-06-01,All prices / CPI 6-yr change (%),%,22.8042
1995-07-01,All prices / CPI 6-yr change (%),%,22.5703
1995-08-01,All prices / CPI 6-yr change (%),%,22.8112
1995-09-01,All prices / CPI 6-yr change (%),%,22.6763
1995-10-01,All prices / CPI 6-yr change (%),%,22.4083
1995-11-01,All prices / CPI 6-yr change (%),%,22.081
1995-12-01,All prices / CPI 6-yr change (%),%,21.8527
1996-01-01,All prices / CPI 6-yr change (%),%,21.3333
1996-02-01,All prices / CPI 6-yr change (%),%,21.0938
1996-03-01,All prices / CPI 6-yr change (%),%,20.9176
1996-04-01,All prices / CPI 6-yr change (%),%,21.1016
1996-05-01,All prices / CPI 6-yr change (%),%,21.1464
1996-06-01,All prices / CPI 6-yr change (%),%,20.6313
1996-07-01,All prices / CPI 6-yr change (%),%,20.3065
1996-08-01,All prices / CPI 6-yr change (%),%,19.4529
1996-09-01,All prices / CPI 6-yr change (%),%,19.0189
1996-10-01,All prices / CPI 6-yr change (%),%,18.5907
1996-11-01,All prices / CPI 6-yr change (%),%,18.6986
1996-12-01,All prices / CPI 6-yr change (%),%,18.5544
1997-01-01,All prices / CPI 6-yr change (%),%,18.337
1997-02-01,All prices / CPI 6-yr change (%),%,18.4718
1997-03-01,All prices / CPI 6-yr change (%),%,18.546
1997-04-01,All prices / CPI 6-yr change (%),%,18.3568
1997-05-01,All prices / CPI 6-yr change (%),%,17.9204
1997-06-01,All prices / CPI 6-yr change (%),%,17.7941
1997-07-01,All prices / CPI 6-yr change (%),%,17.768
1997-08-01,All prices / CPI 6-yr change (%),%,17.716
1997-09-01,All prices / CPI 6-yr change (%),%,17.6642
1997-10-01,All prices / CPI 6-yr change (%),%,17.7114
1997-11-01,All prices / CPI 6-yr change (%),%,17.344
1997-12-01,All prices / CPI 6-yr change (%),%,17.0767
1998-01-01,All prices / CPI 6-yr change (%),%,17.1367
1998-02-01,All prices / CPI 6-yr change (%),%,16.8831
1998-03-01,All prices / CPI 6-yr change (%),%,16.463
1998-04-01,All prices / CPI 6-yr change (%),%,16.3558
1998-05-01,All prices / CPI 6-yr change (%),%,16.3923
1998-06-01,All prices / CPI 6-yr change (%),%,16.2027
1998-07-01,All prices / CPI 6-yr change (%),%,16.1566
1998-08-01,All prices / CPI 6-yr change (%),%,16.0511
1998-09-01,All prices / CPI 6-yr change (%),%,15.8753
1998-10-01,All prices / CPI 6-yr change (%),%,15.6669
1998-11-01,All prices / CPI 6-yr change (%),%,15.4821
1998-12-01,All prices / CPI 6-yr change (%),%,15.5306
1999-01-01,All prices / CPI 6-yr change (%),%,15.3361
1999-02-01,All prices / CPI 6-yr change (%),%,15.0943
1999-03-01,All prices / CPI 6-yr change (%),%,15.0035
1999-04-01,All prices / CPI 6-yr change (%),%,15.3686
1999-05-01,All prices / CPI 6-yr change (%),%,15.1179
1999-06-01,All prices / CPI 6-yr change (%),%,15.0381
1999-07-01,All prices / CPI 6-yr change (%),%,15.3633
1999-08-01,All prices / CPI 6-yr change (%),%,15.4006
1999-09-01,All prices / CPI 6-yr change (%),%,15.7241
1999-10-01,All prices / CPI 6-yr change (%),%,15.4533
1999-11-01,All prices / CPI 6-yr change (%),%,15.3425
1999-12-01,All prices / CPI 6-yr change (%),%,15.3794
2000-01-01,All prices / CPI 6-yr change (%),%,15.7211
2000-02-01,All prices / CPI 6-yr change (%),%,15.8828
2000-03-01,All prices / CPI 6-yr change (%),%,16.2475
2000-04-01,All prices / CPI 6-yr change (%),%,16.1005
2000-05-01,All prices / CPI 6-yr change (%),%,16.0678
2000-06-01,All prices / CPI 6-yr change (%),%,16.43
2000-07-01,All prices / CPI 6-yr change (%),%,16.3747
2000-08-01,All prices / CPI 6-yr change (%),%,15.906
2000-09-01,All prices / CPI 6-yr change (%),%,16.276
2000-10-01,All prices / CPI 6-yr change (%),%,16.3989
2000-11-01,All prices / CPI 6-yr change (%),%,16.2884
2000-12-01,All prices / CPI 6-yr change (%),%,16.3225
2001-01-01,All prices / CPI 6-yr change (%),%,16.6777
2001-02-01,All prices / CPI 6-yr change (%),%,16.6335
2001-03-01,All prices / CPI 6-yr change (%),%,16.4683
2001-04-01,All prices / CPI 6-yr change (%),%,16.2055
2001-05-01,All prices / CPI 6-yr change (%),%,16.568
2001-06-01,All prices / CPI 6-yr change (%),%,16.601
2001-07-01,All prices / CPI 6-yr change (%),%,16.2516
2001-08-01,All prices / CPI 6-yr change (%),%,16.0235
2001-09-01,All prices / CPI 6-yr change (%),%,16.3292
2001-10-01,All prices / CPI 6-yr change (%),%,15.7003
2001-11-01,All prices / CPI 6-yr change (%),%,15.4847
2001-12-01,All prices / CPI 6-yr change (%),%,15.2697
2002-01-01,All prices / CPI 6-yr change (%),%,14.8675
2002-02-01,All prices / CPI 6-yr change (%),%,14.8387
2002-03-01,All prices / CPI 6-yr change (%),%,14.791
2002-04-01,All prices / CPI 6-yr change (%),%,14.8623
2002-05-01,All prices / CPI 6-yr change (%),%,14.7698
2002-06-01,All prices / CPI 6-yr change (%),%,14.6139
2002-07-01,All prices / CPI 6-yr change (%),%,14.6497
2002-08-01,All prices / CPI 6-yr change (%),%,14.8219
2002-09-01,All prices / CPI 6-yr change (%),%,14.6481
2002-10-01,All prices / CPI 6-yr change (%),%,14.5386
2002-11-01,All prices / CPI 6-yr change (%),%,14.3667
2002-12-01,All prices / CPI 6-yr change (%),%,14.2678
2003-01-01,All prices / CPI 6-yr change (%),%,14.5546
2003-02-01,All prices / CPI 6-yr change (%),%,14.9656
2003-03-01,All prices / CPI 6-yr change (%),%,15.0814
2003-04-01,All prices / CPI 6-yr change (%),%,14.5716
2003-05-01,All prices / CPI 6-yr change (%),%,14.384
2003-06-01,All prices / CPI 6-yr change (%),%,14.2946
2003-07-01,All prices / CPI 6-yr change (%),%,14.5262
2003-08-01,All prices / CPI 6-yr change (%),%,14.7388
2003-09-01,All prices / CPI 6-yr change (%),%,14.8263
2003-10-01,All prices / CPI 6-yr change (%),%,14.4892
2003-11-01,All prices / CPI 6-yr change (%),%,14.4094
2003-12-01,All prices / CPI 6-yr change (%),%,14.6477
2004-01-01,All prices / CPI 6-yr change (%),%,15.0
2004-02-01,All prices / CPI 6-yr change (%),%,15.2469
2004-03-01,All prices / CPI 6-yr change (%),%,15.4938
2004-04-01,All prices / CPI 6-yr change (%),%,15.5364
2004-05-01,All prices / CPI 6-yr change (%),%,15.7442
2004-06-01,All prices / CPI 6-yr change (%),%,16.0319
2004-07-01,All prices / CPI 6-yr change (%),%,15.8701
2004-08-01,All prices / CPI 6-yr change (%),%,15.7895
2004-09-01,All prices / CPI 6-yr change (%),%,16.0856
2004-10-01,All prices / CPI 6-yr change (%),%,16.4124
2004-11-01,All prices / CPI 6-yr change (%),%,16.819
2004-12-01,All prices / CPI 6-yr change (%),%,16.6058
2005-01-01,All prices / CPI 6-yr change (%),%,16.3327
2005-02-01,All prices / CPI 6-yr change (%),%,16.8185
2005-03-01,All prices / CPI 6-yr change (%),%,17.1723
2005-04-01,All prices / CPI 6-yr change (%),%,16.7571
2005-05-01,All prices / CPI 6-yr change (%),%,16.6265
2005-06-01,All prices / CPI 6-yr change (%),%,16.6867
2005-07-01,All prices / CPI 6-yr change (%),%,16.9166
2005-08-01,All prices / CPI 6-yr change (%),%,17.3549
2005-09-01,All prices / CPI 6-yr change (%),%,18.4744
2005-10-01,All prices / CPI 6-yr change (%),%,18.4414
2005-11-01,All prices / CPI 6-yr change (%),%,17.6366
2005-12-01,All prices / CPI 6-yr change (%),%,17.3578
2006-01-01,All prices / CPI 6-yr change (%),%,17.72
2006-02-01,All prices / CPI 6-yr change (%),%,17.2941
2006-03-01,All prices / CPI 6-yr change (%),%,16.7836
2006-04-01,All prices / CPI 6-yr change (%),%,17.4371
2006-05-01,All prices / CPI 6-yr change (%),%,17.5818
2006-06-01,All prices / CPI 6-yr change (%),%,17.1893
2006-07-01,All prices / CPI 6-yr change (%),%,17.487
2006-08-01,All prices / CPI 6-yr change (%),%,18.0081
2006-09-01,All prices / CPI 6-yr change (%),%,16.8203
2006-10-01,All prices / CPI 6-yr change (%),%,16.1012
2006-11-01,All prices / CPI 6-yr change (%),%,15.9587
2006-12-01,All prices / CPI 6-yr change (%),%,16.323
2007-01-01,All prices / CPI 6-yr change (%),%,15.8525
2007-02-01,All prices / CPI 6-yr change (%),%,16.0375
2007-03-01,All prices / CPI 6-yr change (%),%,16.5747
2007-04-01,All prices / CPI 6-yr change (%),%,16.7256
2007-05-01,All prices / CPI 6-yr change (%),%,16.6131
2007-06-01,All prices / CPI 6-yr change (%),%,16.6201
2007-07-01,All prices / CPI 6-yr change (%),%,17.0254
2007-08-01,All prices / CPI 6-yr change (%),%,17.0614
2007-09-01,All prices / CPI 6-yr change (%),%,17.0955
2007-10-01,All prices / CPI 6-yr change (%),%,17.7872
2007-11-01,All prices / CPI 6-yr change (%),%,18.7797
2007-12-01,All prices / CPI 6-yr change (%),%,19.1911
2008-01-01,All prices / CPI 6-yr change (%),%,19.4001
2008-02-01,All prices / CPI 6-yr change (%),%,19.4871
2008-03-01,All prices / CPI 6-yr change (%),%,19.5787
2008-04-01,All prices / CPI 6-yr change (%),%,19.3207
2008-05-01,All prices / CPI 6-yr change (%),%,19.893
2008-06-01,All prices / CPI 6-yr change (%),%,21.0818
2008-07-01,All prices / CPI 6-yr change (%),%,21.6756
2008-08-01,All prices / CPI 6-yr change (%),%,21.1579
2008-09-01,All prices / CPI 6-yr change (%),%,21.0603
2008-10-01,All prices / CPI 6-yr change (%),%,19.7544
2008-11-01,All prices / CPI 6-yr change (%),%,17.4397
2008-12-01,All prices / CPI 6-yr change (%),%,16.2805
2009-01-01,All prices / CPI 6-yr change (%),%,16.0641
2009-02-01,All prices / CPI 6-yr change (%),%,15.8524
2009-03-01,All prices / CPI 6-yr change (%),%,15.5492
2009-04-01,All prices / CPI 6-yr change (%),%,16.1075
2009-05-01,All prices / CPI 6-yr change (%),%,16.4691
2009-06-01,All prices / CPI 6-yr change (%),%,17.3075
2009-07-01,All prices / CPI 6-yr change (%),%,16.8895
2009-08-01,All prices / CPI 6-yr change (%),%,16.7724
2009-09-01,All prices / CPI 6-yr change (%),%,16.6186
2009-10-01,All prices / CPI 6-yr change (%),%,17.0952
2009-11-01,All prices / CPI 6-yr change (%),%,17.4238
2009-12-01,All prices / CPI 6-yr change (%),%,17.1682
2010-01-01,All prices / CPI 6-yr change (%),%,16.7407
2010-02-01,All prices / CPI 6-yr change (%),%,16.3798
2010-03-01,All prices / CPI 6-yr change (%),%,16.1694
2010-04-01,All prices / CPI 6-yr change (%),%,16.0101
2010-05-01,All prices / CPI 6-yr change (%),%,15.457
2010-06-01,All prices / CPI 6-yr change (%),%,14.9809
2010-07-01,All prices / CPI 6-yr change (%),%,15.074
2010-08-01,All prices / CPI 6-yr change (%),%,15.1813
2010-09-01,All prices / CPI 6-yr change (%),%,15.0026
2010-10-01,All prices / CPI 6-yr change (%),%,14.7982
2010-11-01,All prices / CPI 6-yr change (%),%,14.5488
2010-12-01,All prices / CPI 6-yr change (%),%,15.0089
2011-01-01,All prices / CPI 6-yr change (%),%,15.4421
2011-02-01,All prices / CPI 6-yr change (%),%,15.3316
2011-03-01,All prices / CPI 6-yr change (%),%,15.508
2011-04-01,All prices / CPI 6-yr change (%),%,15.6908
2011-05-01,All prices / CPI 6-yr change (%),%,16.1188
2011-06-01,All prices / CPI 6-yr change (%),%,16.0589
2011-07-01,All prices / CPI 6-yr change (%),%,15.6465
2011-08-01,All prices / CPI 6-yr change (%),%,15.3014
2011-09-01,All prices / CPI 6-yr change (%),%,13.9824
2011-10-01,All prices / CPI 6-yr change (%),%,13.8875
2011-11-01,All prices / CPI 6-yr change (%),%,14.6739
2011-12-01,All prices / CPI 6-yr change (%),%,14.7012
2012-01-01,All prices / CPI 6-yr change (%),%,14.3211
2012-02-01,All prices / CPI 6-yr change (%),%,14.508
2012-03-01,All prices / CPI 6-yr change (%),%,14.5754
2012-04-01,All prices / CPI 6-yr change (%),%,14.1938
2012-05-01,All prices / CPI 6-yr change (%),%,13.618
2012-06-01,All prices / CPI 6-yr change (%),%,13.2428
2012-07-01,All prices / CPI 6-yr change (%),%,12.6614
2012-08-01,All prices / CPI 6-yr change (%),%,12.8155
2012-09-01,All prices / CPI 6-yr change (%),%,13.9127
2012-10-01,All prices / CPI 6-yr change (%),%,14.7291
2012-11-01,All prices / CPI 6-yr change (%),%,14.4797
2012-12-01,All prices / CPI 6-yr change (%),%,13.8459
2013-01-01,All prices / CPI 6-yr change (%),%,13.8824
2013-02-01,All prices / CPI 6-yr change (%),%,14.0584
2013-03-01,All prices / CPI 6-yr change (%),%,13.1493
2013-04-01,All prices / CPI 6-yr change (%),%,12.5753
2013-05-01,All prices / CPI 6-yr change (%),%,12.1584
2013-06-01,All prices / CPI 6-yr change (%),%,12.1655
2013-07-01,All prices / CPI 6-yr change (%),%,12.1853
2013-08-01,All prices / CPI 6-yr change (%),%,12.4184
2013-09-01,All prices / CPI 6-yr change (%),%,11.9863
2013-10-01,All prices / CPI 6-yr change (%),%,11.7018
2013-11-01,All prices / CPI 6-yr change (%),%,11.0352
2013-12-01,All prices / CPI 6-yr change (%),%,11.0071
2014-01-01,All prices / CPI 6-yr change (%),%,10.8939
2014-02-01,All prices / CPI 6-yr change (%),%,10.7482
2014-03-01,All prices / CPI 6-yr change (%),%,10.5787
2014-04-01,All prices / CPI 6-yr change (%),%,10.529
2014-05-01,All prices / CPI 6-yr change (%),%,10.0879
2014-06-01,All prices / CPI 6-yr change (%),%,9.0903
2014-07-01,All prices / CPI 6-yr change (%),%,8.4387
2014-08-01,All prices / CPI 6-yr change (%),%,8.5829
2014-09-01,All prices / CPI 6-yr change (%),%,8.4979
2014-10-01,All prices / CPI 6-yr change (%),%,9.4173
2014-11-01,All prices / CPI 6-yr change (%),%,11.1798
2014-12-01,All prices / CPI 6-yr change (%),%,11.757
2015-01-01,All prices / CPI 6-yr change (%),%,10.7647
2015-02-01,All prices / CPI 6-yr change (%),%,10.6424
2015-03-01,All prices / CPI 6-yr change (%),%,11.0501
2015-04-01,All prices / CPI 6-yr change (%),%,11.0541
2015-05-01,All prices / CPI 6-yr change (%),%,11.2566
2015-06-01,All prices / CPI 6-yr change (%),%,10.6462
2015-07-01,All prices / CPI 6-yr change (%),%,10.8548
2015-08-01,All prices / CPI 6-yr change (%),%,10.4843
2015-09-01,All prices / CPI 6-yr change (%),%,10.0236
2015-10-01,All prices / CPI 6-yr change (%),%,9.8028
2015-11-01,All prices / CPI 6-yr change (%),%,9.5671
2015-12-01,All prices / CPI 6-yr change (%),%,9.3924
2016-01-01,All prices / CPI 6-yr change (%),%,9.2713
2016-02-01,All prices / CPI 6-yr change (%),%,9.23
2016-03-01,All prices / CPI 6-yr change (%),%,9.5361
2016-04-01,All prices / CPI 6-yr change (%),%,9.9304
2016-05-01,All prices / CPI 6-yr change (%),%,10.2476
2016-06-01,All prices / CPI 6-yr change (%),%,10.6
2016-07-01,All prices / CPI 6-yr change (%),%,10.338
2016-08-01,All prices / CPI 6-yr change (%),%,10.3807
2016-09-01,All prices / CPI 6-yr change (%),%,10.4918
2016-10-01,All prices / CPI 6-yr change (%),%,10.3664
2016-11-01,All prices / CPI 6-yr change (%),%,10.2172
2016-12-01,All prices / CPI 6-yr change (%),%,10.0534
2017-01-01,All prices / CPI 6-yr change (%),%,10.1412
2017-02-01,All prices / CPI 6-yr change (%),%,9.9631
2017-03-01,All prices / CPI 6-yr change (%),%,9.3461
2017-04-01,All prices / CPI 6-yr change (%),%,8.9695
2017-05-01,All prices / CPI 6-yr change (%),%,8.5398
2017-06-01,All prices / CPI 6-yr change (%),%,8.6105
2017-07-01,All prices / CPI 6-yr change (%),%,8.3622
2017-08-01,All prices / CPI 6-yr change (%),%,8.4372
2017-09-01,All prices / CPI 6-yr change (%),%,8.7547
2017-10-01,All prices / CPI 6-yr change (%),%,8.7656
2017-11-01,All prices / CPI 6-yr change (%),%,8.8546
2017-12-01,All prices / CPI 6-yr change (%),%,9.0581
2018-01-01,All prices / CPI 6-yr change (%),%,9.2244
2018-02-01,All prices / CPI 6-yr change (%),%,9.2848
2018-03-01,All prices / CPI 6-yr change (%),%,9.0775
2018-04-01,All prices / CPI 6-yr change (%),%,9.1803
2018-05-01,All prices / CPI 6-yr change (%),%,9.6536
2018-06-01,All prices / CPI 6-yr change (%),%,9.8432
2018-07-01,All prices / CPI 6-yr change (%),%,9.8972
2018-08-01,All prices / CPI 6-yr change (%),%,9.4577
2018-09-01,All prices / CPI 6-yr change (%),%,9.1626
2018-10-01,All prices / CPI 6-yr change (%),%,9.1237
2018-11-01,All prices / CPI 6-yr change (%),%,9.2303
2018-12-01,All prices / CPI 6-yr change (%),%,9.3184
2019-01-01,All prices / CPI 6-yr change (%),%,9.0133
2019-02-01,All prices / CPI 6-yr change (%),%,8.75
2019-03-01,All prices / CPI 6-yr change (%),%,9.4691
2019-04-01,All prices / CPI 6-yr change (%),%,10.1106
2019-05-01,All prices / CPI 6-yr change (%),%,10.0922
2019-06-01,All prices / CPI 6-yr change (%),%,9.795
2019-07-01,All prices / CPI 6-yr change (%),%,9.8334
2019-08-01,All prices / CPI 6-yr change (%),%,9.6721
2019-09-01,All prices / CPI 6-yr change (%),%,9.7994
2019-10-01,All prices / CPI 6-yr change (%),%,10.051
2019-11-01,All prices / CPI 6-yr change (%),%,10.1576
2019-12-01,All prices / CPI 6-yr change (%),%,10.1871
2020-01-01,All prices / CPI 6-yr change (%),%,10.1318
2020-02-01,All prices / CPI 6-yr change (%),%,10.063
2020-03-01,All prices / CPI 6-yr change (%),%,9.3413
2020-04-01,All prices / CPI 6-yr change (%),%,8.2734
2020-05-01,All prices / CPI 6-yr change (%),%,7.9707
2020-06-01,All prices / CPI 6-yr change (%),%,8.3509
2020-07-01,All prices / CPI 6-yr change (%),%,8.7807
2020-08-01,All prices / CPI 6-yr change (%),%,9.2041
2020-09-01,All prices / CPI 6-yr change (%),%,9.483
2020-10-01,All prices / CPI 6-yr change (%),%,9.6403
2020-11-01,All prices / CPI 6-yr change (%),%,10.0969
2020-12-01,All prices / CPI 6-yr change (%),%,10.9176
2021-01-01,All prices / CPI 6-yr change (%),%,11.9022
2021-02-01,All prices / CPI 6-yr change (%),%,11.9983
2021-03-01,All prices / CPI 6-yr change (%),%,12.283
2021-04-01,All prices / CPI 6-yr change (%),%,12.8659
2021-05-01,All prices / CPI 6-yr change (%),%,13.2413
2021-06-01,All prices / CPI 6-yr change (%),%,13.8843
2021-07-01,All prices / CPI 6-yr change (%),%,14.2286
2021-08-01,All prices / CPI 6-yr change (%),%,14.5539
2021-09-01,All prices / CPI 6-yr change (%),%,15.3315
2021-10-01,All prices / CPI 6-yr change (%),%,16.328
2021-11-01,All prices / CPI 6-yr change (%),%,17.1845
2021-12-01,All prices / CPI 6-yr change (%),%,18.1207
2022-01-01,All prices / CPI 6-yr change (%),%,18.8894
2022-02-01,All prices / CPI 6-yr change (%),%,19.8722
2022-03-01,All prices / CPI 6-yr change (%),%,20.8308
2022-04-01,All prices / CPI 6-yr change (%),%,20.7409
2022-05-01,All prices / CPI 6-yr change (%),%,21.5986
2022-06-01,All prices / CPI 6-yr change (%),%,22.7852
2022-07-01,All prices / CPI 6-yr change (%),%,22.8287
2022-08-01,All prices / CPI 6-yr change (%),%,22.6785
2022-09-01,All prices / CPI 6-yr change (%),%,22.8767
2022-10-01,All prices / CPI 6-yr change (%),%,23.2753
2022-11-01,All prices / CPI 6-yr change (%),%,23.452
2022-12-01,All prices / CPI 6-yr change (%),%,23.1601
2023-01-01,All prices / CPI 6-yr change (%),%,23.316
2023-02-01,All prices / CPI 6-yr change (%),%,23.542
2023-03-01,All prices / CPI 6-yr change (%),%,23.7519
2023-04-01,All prices / CPI 6-yr change (%),%,24.0187
2023-05-01,All prices / CPI 6-yr change (%),%,24.3152
2023-06-01,All prices / CPI 6-yr change (%),%,24.5127
2023-07-01,All prices / CPI 6-yr change (%),%,24.7155
2023-08-01,All prices / CPI 6-yr change (%),%,24.8382
2023-09-01,All prices / CPI 6-yr change (%),%,24.6885
2023-10-01,All prices / CPI 6-yr change (%),%,24.7622
2023-11-01,All prices / CPI 6-yr change (%),%,24.613
2023-12-01,All prices / CPI 6-yr change (%),%,24.5903
2024-01-01,All prices / CPI 6-yr change (%),%,24.4472
2024-02-01,All prices / CPI 6-yr change (%),%,24.6216
2024-03-01,All prices / CPI 6-yr change (%),%,25.1498
2024-04-01,All prices / CPI 6-yr change (%),%,25.0956
2024-05-01,All prices / CPI 6-yr change (%),%,24.8744
2024-06-01,All prices / CPI 6-yr change (%),%,24.7098
2024-07-01,All prices / CPI 6-yr change (%),%,24.8215
2024-08-01,All prices / CPI 6-yr change (%),%,24.7947
2024-09-01,All prices / CPI 6-yr change (%),%,24.8035
2024-10-01,All prices / CPI 6-yr change (%),%,24.8679
2024-11-01,All prices / CPI 6-yr change (%),%,25.311
2024-12-01,All prices / CPI 6-yr change (%),%,25.6509
2025-01-01,All prices / CPI 6-yr change (%),%,26.2907
2025-02-01,All prices / CPI 6-yr change (%),%,26.1962
2025-03-01,All prices / CPI 6-yr change (%),%,25.7625
2025-04-01,All prices / CPI 6-yr change (%),%,25.494
2025-05-01,All prices / CPI 6-yr change (%),%,25.5876
2025-06-01,All prices / CPI 6-yr change (%),%,25.9477
2025-07-01,All prices / CPI 6-yr change (%),%,25.9447
2025-08-01,All prices / CPI 6-yr change (%),%,26.2678
2025-09-01,All prices / CPI 6-yr change (%),%,26.4458
2025-11-01,All prices / CPI 6-yr change (%),%,26.0525
2025-12-01,All prices / CPI 6-yr change (%),%,26.0608
2026-01-01,All prices / CPI 6-yr change (%),%,26.034
2026-02-01,All prices / CPI 6-yr change (%),%,26.3105
2026-03-01,All prices / CPI 6-yr change (%),%,27.9828
2026-04-01,All prices / CPI 6-yr change (%),%,29.8303
2026-05-01,All prices / CPI 6-yr change (%),%,30.5615
2026-06-01,All prices / CPI 6-yr change (%),%,29.3827
1998-07-01,Unexplained electricity inflation (pct pts),pct pts,-8.0761
1998-08-01,Unexplained electricity inflation (pct pts),pct pts,-9.4466
1998-09-01,Unexplained electricity inflation (pct pts),pct pts,-11.6911
1998-10-01,Unexplained electricity inflation (pct pts),pct pts,-9.2105
1998-11-01,Unexplained electricity inflation (pct pts),pct pts,-9.5754
1998-12-01,Unexplained electricity inflation (pct pts),pct pts,-7.7749
1999-01-01,Unexplained electricity inflation (pct pts),pct pts,-3.5038
1999-02-01,Unexplained electricity inflation (pct pts),pct pts,-1.5461
1999-03-01,Unexplained electricity inflation (pct pts),pct pts,-1.4676
1999-04-01,Unexplained electricity inflation (pct pts),pct pts,-1.7205
1999-05-01,Unexplained electricity inflation (pct pts),pct pts,-1.799
1999-06-01,Unexplained electricity inflation (pct pts),pct pts,-2.8079
1999-07-01,Unexplained electricity inflation (pct pts),pct pts,-2.3745
1999-08-01,Unexplained electricity inflation (pct pts),pct pts,-2.1993
1999-09-01,Unexplained electricity inflation (pct pts),pct pts,-0.3204
1999-10-01,Unexplained electricity inflation (pct pts),pct pts,-0.4982
1999-11-01,Unexplained electricity inflation (pct pts),pct pts,-1.0828
1999-12-01,Unexplained electricity inflation (pct pts),pct pts,-1.1471
2000-01-01,Unexplained electricity inflation (pct pts),pct pts,-2.4604
2000-02-01,Unexplained electricity inflation (pct pts),pct pts,-3.1277
2000-03-01,Unexplained electricity inflation (pct pts),pct pts,-2.812
2000-04-01,Unexplained electricity inflation (pct pts),pct pts,-2.6642
2000-05-01,Unexplained electricity inflation (pct pts),pct pts,-2.9488
2000-06-01,Unexplained electricity inflation (pct pts),pct pts,-3.2116
2000-07-01,Unexplained electricity inflation (pct pts),pct pts,-2.8899
2000-08-01,Unexplained electricity inflation (pct pts),pct pts,-2.1595
2000-09-01,Unexplained electricity inflation (pct pts),pct pts,-3.575
2000-10-01,Unexplained electricity inflation (pct pts),pct pts,-3.059
2000-11-01,Unexplained electricity inflation (pct pts),pct pts,-3.5956
2000-12-01,Unexplained electricity inflation (pct pts),pct pts,-4.4906
2001-01-01,Unexplained electricity inflation (pct pts),pct pts,-0.7191
2001-02-01,Unexplained electricity inflation (pct pts),pct pts,-1.3008
2001-03-01,Unexplained electricity inflation (pct pts),pct pts,-0.9301
2001-04-01,Unexplained electricity inflation (pct pts),pct pts,-0.6737
2001-05-01,Unexplained electricity inflation (pct pts),pct pts,-1.4154
2001-06-01,Unexplained electricity inflation (pct pts),pct pts,-3.8822
2001-07-01,Unexplained electricity inflation (pct pts),pct pts,-1.1428
2001-08-01,Unexplained electricity inflation (pct pts),pct pts,1.891
2001-09-01,Unexplained electricity inflation (pct pts),pct pts,1.6766
2001-10-01,Unexplained electricity inflation (pct pts),pct pts,1.7405
2001-11-01,Unexplained electricity inflation (pct pts),pct pts,2.6873
2001-12-01,Unexplained electricity inflation (pct pts),pct pts,3.9348
2002-01-01,Unexplained electricity inflation (pct pts),pct pts,1.0833
2002-02-01,Unexplained electricity inflation (pct pts),pct pts,1.4939
2002-03-01,Unexplained electricity inflation (pct pts),pct pts,0.9231
2002-04-01,Unexplained electricity inflation (pct pts),pct pts,-0.6473
2002-05-01,Unexplained electricity inflation (pct pts),pct pts,-0.0461
2002-06-01,Unexplained electricity inflation (pct pts),pct pts,-0.2983
2002-07-01,Unexplained electricity inflation (pct pts),pct pts,-2.7269
2002-08-01,Unexplained electricity inflation (pct pts),pct pts,-2.4311
2002-09-01,Unexplained electricity inflation (pct pts),pct pts,-1.7584
2002-10-01,Unexplained electricity inflation (pct pts),pct pts,-2.5858
2002-11-01,Unexplained electricity inflation (pct pts),pct pts,-2.3249
2002-12-01,Unexplained electricity inflation (pct pts),pct pts,-2.6685
2003-01-01,Unexplained electricity inflation (pct pts),pct pts,-2.0913
2003-02-01,Unexplained electricity inflation (pct pts),pct pts,-2.7085
2003-03-01,Unexplained electricity inflation (pct pts),pct pts,-4.4905
2003-04-01,Unexplained electricity inflation (pct pts),pct pts,-0.4836
2003-05-01,Unexplained electricity inflation (pct pts),pct pts,-0.4173
2003-06-01,Unexplained electricity inflation (pct pts),pct pts,-2.8241
2003-07-01,Unexplained electricity inflation (pct pts),pct pts,-2.7824
2003-08-01,Unexplained electricity inflation (pct pts),pct pts,-6.1364
2003-09-01,Unexplained electricity inflation (pct pts),pct pts,-1.8303
2003-10-01,Unexplained electricity inflation (pct pts),pct pts,-1.0976
2003-11-01,Unexplained electricity inflation (pct pts),pct pts,-2.4793
2003-12-01,Unexplained electricity inflation (pct pts),pct pts,-2.9868
2004-01-01,Unexplained electricity inflation (pct pts),pct pts,-1.519
2004-02-01,Unexplained electricity inflation (pct pts),pct pts,-0.9866
2004-03-01,Unexplained electricity inflation (pct pts),pct pts,-0.0119
2004-04-01,Unexplained electricity inflation (pct pts),pct pts,-2.182
2004-05-01,Unexplained electricity inflation (pct pts),pct pts,-1.6072
2004-06-01,Unexplained electricity inflation (pct pts),pct pts,-1.4913
2004-07-01,Unexplained electricity inflation (pct pts),pct pts,-1.7917
2004-08-01,Unexplained electricity inflation (pct pts),pct pts,1.0079
2004-09-01,Unexplained electricity inflation (pct pts),pct pts,-0.6978
2004-10-01,Unexplained electricity inflation (pct pts),pct pts,-1.822
2004-11-01,Unexplained electricity inflation (pct pts),pct pts,-1.0864
2004-12-01,Unexplained electricity inflation (pct pts),pct pts,-0.7882
2005-01-01,Unexplained electricity inflation (pct pts),pct pts,0.415
2005-02-01,Unexplained electricity inflation (pct pts),pct pts,0.5315
2005-03-01,Unexplained electricity inflation (pct pts),pct pts,0.2896
2005-04-01,Unexplained electricity inflation (pct pts),pct pts,0.4076
2005-05-01,Unexplained electricity inflation (pct pts),pct pts,0.74
2005-06-01,Unexplained electricity inflation (pct pts),pct pts,2.7941
2005-07-01,Unexplained electricity inflation (pct pts),pct pts,3.5516
2005-08-01,Unexplained electricity inflation (pct pts),pct pts,1.4922
2005-09-01,Unexplained electricity inflation (pct pts),pct pts,2.0676
2005-10-01,Unexplained electricity inflation (pct pts),pct pts,3.9917
2005-11-01,Unexplained electricity inflation (pct pts),pct pts,8.0427
2005-12-01,Unexplained electricity inflation (pct pts),pct pts,7.6414
2006-01-01,Unexplained electricity inflation (pct pts),pct pts,10.5744
2006-02-01,Unexplained electricity inflation (pct pts),pct pts,9.3776
2006-03-01,Unexplained electricity inflation (pct pts),pct pts,8.9491
2006-04-01,Unexplained electricity inflation (pct pts),pct pts,8.0958
2006-05-01,Unexplained electricity inflation (pct pts),pct pts,7.873
2006-06-01,Unexplained electricity inflation (pct pts),pct pts,6.7195
2006-07-01,Unexplained electricity inflation (pct pts),pct pts,7.5703
2006-08-01,Unexplained electricity inflation (pct pts),pct pts,8.3384
2006-09-01,Unexplained electricity inflation (pct pts),pct pts,9.826
2006-10-01,Unexplained electricity inflation (pct pts),pct pts,8.8368
2006-11-01,Unexplained electricity inflation (pct pts),pct pts,6.4666
2006-12-01,Unexplained electricity inflation (pct pts),pct pts,6.2826
2007-01-01,Unexplained electricity inflation (pct pts),pct pts,3.6673
2007-02-01,Unexplained electricity inflation (pct pts),pct pts,3.5424
2007-03-01,Unexplained electricity inflation (pct pts),pct pts,3.3164
2007-04-01,Unexplained electricity inflation (pct pts),pct pts,3.4447
2007-05-01,Unexplained electricity inflation (pct pts),pct pts,3.2875
2007-06-01,Unexplained electricity inflation (pct pts),pct pts,2.8122
2007-07-01,Unexplained electricity inflation (pct pts),pct pts,2.3826
2007-08-01,Unexplained electricity inflation (pct pts),pct pts,0.9219
2007-09-01,Unexplained electricity inflation (pct pts),pct pts,0.1504
2007-10-01,Unexplained electricity inflation (pct pts),pct pts,1.2573
2007-11-01,Unexplained electricity inflation (pct pts),pct pts,0.108
2007-12-01,Unexplained electricity inflation (pct pts),pct pts,0.4793
2008-01-01,Unexplained electricity inflation (pct pts),pct pts,-1.0109
2008-02-01,Unexplained electricity inflation (pct pts),pct pts,-0.4238
2008-03-01,Unexplained electricity inflation (pct pts),pct pts,-1.4741
2008-04-01,Unexplained electricity inflation (pct pts),pct pts,0.6509
2008-05-01,Unexplained electricity inflation (pct pts),pct pts,1.0358
2008-06-01,Unexplained electricity inflation (pct pts),pct pts,0.5012
2008-07-01,Unexplained electricity inflation (pct pts),pct pts,1.9078
2008-08-01,Unexplained electricity inflation (pct pts),pct pts,4.2939
2008-09-01,Unexplained electricity inflation (pct pts),pct pts,2.1342
2008-10-01,Unexplained electricity inflation (pct pts),pct pts,3.4671
2008-11-01,Unexplained electricity inflation (pct pts),pct pts,4.7231
2008-12-01,Unexplained electricity inflation (pct pts),pct pts,5.8108
2009-01-01,Unexplained electricity inflation (pct pts),pct pts,6.5059
2009-02-01,Unexplained electricity inflation (pct pts),pct pts,7.877
2009-03-01,Unexplained electricity inflation (pct pts),pct pts,8.5147
2009-04-01,Unexplained electricity inflation (pct pts),pct pts,6.7993
2009-05-01,Unexplained electricity inflation (pct pts),pct pts,6.4666
2009-06-01,Unexplained electricity inflation (pct pts),pct pts,5.1879
2009-07-01,Unexplained electricity inflation (pct pts),pct pts,3.2687
2009-08-01,Unexplained electricity inflation (pct pts),pct pts,1.7269
2009-09-01,Unexplained electricity inflation (pct pts),pct pts,3.4978
2009-10-01,Unexplained electricity inflation (pct pts),pct pts,2.6815
2009-11-01,Unexplained electricity inflation (pct pts),pct pts,1.5289
2009-12-01,Unexplained electricity inflation (pct pts),pct pts,0.0154
2010-01-01,Unexplained electricity inflation (pct pts),pct pts,-1.4107
2010-02-01,Unexplained electricity inflation (pct pts),pct pts,-2.0155
2010-03-01,Unexplained electricity inflation (pct pts),pct pts,-0.5846
2010-04-01,Unexplained electricity inflation (pct pts),pct pts,0.4135
2010-05-01,Unexplained electricity inflation (pct pts),pct pts,0.7486
2010-06-01,Unexplained electricity inflation (pct pts),pct pts,-0.4403
2010-07-01,Unexplained electricity inflation (pct pts),pct pts,0.2529
2010-08-01,Unexplained electricity inflation (pct pts),pct pts,1.0002
2010-09-01,Unexplained electricity inflation (pct pts),pct pts,0.5659
2010-10-01,Unexplained electricity inflation (pct pts),pct pts,-0.4457
2010-11-01,Unexplained electricity inflation (pct pts),pct pts,-0.127
2010-12-01,Unexplained electricity inflation (pct pts),pct pts,-1.0482
2011-01-01,Unexplained electricity inflation (pct pts),pct pts,-1.6394
2011-02-01,Unexplained electricity inflation (pct pts),pct pts,-1.2317
2011-03-01,Unexplained electricity inflation (pct pts),pct pts,-1.4711
2011-04-01,Unexplained electricity inflation (pct pts),pct pts,-1.2476
2011-05-01,Unexplained electricity inflation (pct pts),pct pts,-1.3359
2011-06-01,Unexplained electricity inflation (pct pts),pct pts,-0.7205
2011-07-01,Unexplained electricity inflation (pct pts),pct pts,-0.7246
2011-08-01,Unexplained electricity inflation (pct pts),pct pts,-0.8822
2011-09-01,Unexplained electricity inflation (pct pts),pct pts,-0.6773
2011-10-01,Unexplained electricity inflation (pct pts),pct pts,-0.7325
2011-11-01,Unexplained electricity inflation (pct pts),pct pts,-0.5931
2011-12-01,Unexplained electricity inflation (pct pts),pct pts,-0.7223
2012-01-01,Unexplained electricity inflation (pct pts),pct pts,0.0983
2012-02-01,Unexplained electricity inflation (pct pts),pct pts,0.249
2012-03-01,Unexplained electricity inflation (pct pts),pct pts,-2.064
2012-04-01,Unexplained electricity inflation (pct pts),pct pts,-1.9023
2012-05-01,Unexplained electricity inflation (pct pts),pct pts,-0.8607
2012-06-01,Unexplained electricity inflation (pct pts),pct pts,0.379
2012-07-01,Unexplained electricity inflation (pct pts),pct pts,-1.1368
2012-08-01,Unexplained electricity inflation (pct pts),pct pts,-1.4473
2012-09-01,Unexplained electricity inflation (pct pts),pct pts,-1.4725
2012-10-01,Unexplained electricity inflation (pct pts),pct pts,-1.4372
2012-11-01,Unexplained electricity inflation (pct pts),pct pts,-0.6862
2012-12-01,Unexplained electricity inflation (pct pts),pct pts,0.2005
2013-01-01,Unexplained electricity inflation (pct pts),pct pts,0.6419
2013-02-01,Unexplained electricity inflation (pct pts),pct pts,0.2282
2013-03-01,Unexplained electricity inflation (pct pts),pct pts,0.5944
2013-04-01,Unexplained electricity inflation (pct pts),pct pts,0.2962
2013-05-01,Unexplained electricity inflation (pct pts),pct pts,0.296
2013-06-01,Unexplained electricity inflation (pct pts),pct pts,0.0531
2013-07-01,Unexplained electricity inflation (pct pts),pct pts,0.7908
2013-08-01,Unexplained electricity inflation (pct pts),pct pts,0.8522
2013-09-01,Unexplained electricity inflation (pct pts),pct pts,-0.1365
2013-10-01,Unexplained electricity inflation (pct pts),pct pts,-1.0657
2013-11-01,Unexplained electricity inflation (pct pts),pct pts,-0.6056
2013-12-01,Unexplained electricity inflation (pct pts),pct pts,0.2674
2014-01-01,Unexplained electricity inflation (pct pts),pct pts,2.0279
2014-02-01,Unexplained electricity inflation (pct pts),pct pts,2.4956
2014-03-01,Unexplained electricity inflation (pct pts),pct pts,3.4294
2014-04-01,Unexplained electricity inflation (pct pts),pct pts,0.4597
2014-05-01,Unexplained electricity inflation (pct pts),pct pts,2.0538
2014-06-01,Unexplained electricity inflation (pct pts),pct pts,1.9297
2014-07-01,Unexplained electricity inflation (pct pts),pct pts,1.5353
2014-08-01,Unexplained electricity inflation (pct pts),pct pts,0.5114
2014-09-01,Unexplained electricity inflation (pct pts),pct pts,0.7625
2014-10-01,Unexplained electricity inflation (pct pts),pct pts,1.4919
2014-11-01,Unexplained electricity inflation (pct pts),pct pts,1.8355
2014-12-01,Unexplained electricity inflation (pct pts),pct pts,2.1359
2015-01-01,Unexplained electricity inflation (pct pts),pct pts,3.1443
2015-02-01,Unexplained electricity inflation (pct pts),pct pts,2.943
2015-03-01,Unexplained electricity inflation (pct pts),pct pts,0.8247
2015-04-01,Unexplained electricity inflation (pct pts),pct pts,4.9217
2015-05-01,Unexplained electricity inflation (pct pts),pct pts,0.6067
2015-06-01,Unexplained electricity inflation (pct pts),pct pts,0.7524
2015-07-01,Unexplained electricity inflation (pct pts),pct pts,0.617
2015-08-01,Unexplained electricity inflation (pct pts),pct pts,1.1129
2015-09-01,Unexplained electricity inflation (pct pts),pct pts,1.7037
2015-10-01,Unexplained electricity inflation (pct pts),pct pts,1.6507
2015-11-01,Unexplained electricity inflation (pct pts),pct pts,1.1623
2015-12-01,Unexplained electricity inflation (pct pts),pct pts,-0.4523
2016-01-01,Unexplained electricity inflation (pct pts),pct pts,-2.735
2016-02-01,Unexplained electricity inflation (pct pts),pct pts,-2.3975
2016-03-01,Unexplained electricity inflation (pct pts),pct pts,-0.9131
2016-04-01,Unexplained electricity inflation (pct pts),pct pts,-1.6982
2016-05-01,Unexplained electricity inflation (pct pts),pct pts,-1.9764
2016-06-01,Unexplained electricity inflation (pct pts),pct pts,-2.7083
2016-07-01,Unexplained electricity inflation (pct pts),pct pts,-1.8076
2016-08-01,Unexplained electricity inflation (pct pts),pct pts,-1.755
2016-09-01,Unexplained electricity inflation (pct pts),pct pts,-1.2494
2016-10-01,Unexplained electricity inflation (pct pts),pct pts,-1.8341
2016-11-01,Unexplained electricity inflation (pct pts),pct pts,-2.3988
2016-12-01,Unexplained electricity inflation (pct pts),pct pts,-1.3405
2017-01-01,Unexplained electricity inflation (pct pts),pct pts,-1.9656
2017-02-01,Unexplained electricity inflation (pct pts),pct pts,-1.5787
2017-03-01,Unexplained electricity inflation (pct pts),pct pts,-2.3292
2017-04-01,Unexplained electricity inflation (pct pts),pct pts,-1.8253
2017-05-01,Unexplained electricity inflation (pct pts),pct pts,0.9061
2017-06-01,Unexplained electricity inflation (pct pts),pct pts,-1.0908
2017-07-01,Unexplained electricity inflation (pct pts),pct pts,0.1564
2017-08-01,Unexplained electricity inflation (pct pts),pct pts,-0.7012
2017-09-01,Unexplained electricity inflation (pct pts),pct pts,-1.6934
2017-10-01,Unexplained electricity inflation (pct pts),pct pts,-1.3014
2017-11-01,Unexplained electricity inflation (pct pts),pct pts,0.0512
2017-12-01,Unexplained electricity inflation (pct pts),pct pts,0.1279
2018-01-01,Unexplained electricity inflation (pct pts),pct pts,-1.0952
2018-02-01,Unexplained electricity inflation (pct pts),pct pts,-1.8527
2018-03-01,Unexplained electricity inflation (pct pts),pct pts,-1.0654
2018-04-01,Unexplained electricity inflation (pct pts),pct pts,-2.5834
2018-05-01,Unexplained electricity inflation (pct pts),pct pts,-3.5581
2018-06-01,Unexplained electricity inflation (pct pts),pct pts,-3.6766
2018-07-01,Unexplained electricity inflation (pct pts),pct pts,-5.6672
2018-08-01,Unexplained electricity inflation (pct pts),pct pts,-4.0179
2018-09-01,Unexplained electricity inflation (pct pts),pct pts,-4.4253
2018-10-01,Unexplained electricity inflation (pct pts),pct pts,-2.3859
2018-11-01,Unexplained electricity inflation (pct pts),pct pts,-2.7609
2018-12-01,Unexplained electricity inflation (pct pts),pct pts,-2.243
2019-01-01,Unexplained electricity inflation (pct pts),pct pts,-0.8782
2019-02-01,Unexplained electricity inflation (pct pts),pct pts,-0.398
2019-03-01,Unexplained electricity inflation (pct pts),pct pts,-1.4302
2019-04-01,Unexplained electricity inflation (pct pts),pct pts,-1.2237
2019-05-01,Unexplained electricity inflation (pct pts),pct pts,-2.4979
2019-06-01,Unexplained electricity inflation (pct pts),pct pts,-2.6233
2019-07-01,Unexplained electricity inflation (pct pts),pct pts,0.0042
2019-08-01,Unexplained electricity inflation (pct pts),pct pts,-1.2981
2019-09-01,Unexplained electricity inflation (pct pts),pct pts,-0.8151
2019-10-01,Unexplained electricity inflation (pct pts),pct pts,-1.0955
2019-11-01,Unexplained electricity inflation (pct pts),pct pts,-2.1617
2019-12-01,Unexplained electricity inflation (pct pts),pct pts,-2.6675
2020-01-01,Unexplained electricity inflation (pct pts),pct pts,-2.2818
2020-02-01,Unexplained electricity inflation (pct pts),pct pts,-2.4873
2020-03-01,Unexplained electricity inflation (pct pts),pct pts,-1.3107
2020-04-01,Unexplained electricity inflation (pct pts),pct pts,-0.4925
2020-05-01,Unexplained electricity inflation (pct pts),pct pts,-0.1716
2020-06-01,Unexplained electricity inflation (pct pts),pct pts,-0.2985
2020-07-01,Unexplained electricity inflation (pct pts),pct pts,-1.588
2020-08-01,Unexplained electricity inflation (pct pts),pct pts,-1.3443
2020-09-01,Unexplained electricity inflation (pct pts),pct pts,-1.1093
2020-10-01,Unexplained electricity inflation (pct pts),pct pts,-0.4196
2020-11-01,Unexplained electricity inflation (pct pts),pct pts,2.6014
2020-12-01,Unexplained electricity inflation (pct pts),pct pts,2.4144
2021-01-01,Unexplained electricity inflation (pct pts),pct pts,1.395
2021-02-01,Unexplained electricity inflation (pct pts),pct pts,0.9103
2021-03-01,Unexplained electricity inflation (pct pts),pct pts,1.6663
2021-04-01,Unexplained electricity inflation (pct pts),pct pts,0.9375
2021-05-01,Unexplained electricity inflation (pct pts),pct pts,0.3106
2021-06-01,Unexplained electricity inflation (pct pts),pct pts,-1.4447
2021-07-01,Unexplained electricity inflation (pct pts),pct pts,-1.2533
2021-08-01,Unexplained electricity inflation (pct pts),pct pts,-5.1976
2021-09-01,Unexplained electricity inflation (pct pts),pct pts,-1.0198
2021-10-01,Unexplained electricity inflation (pct pts),pct pts,-1.9739
2021-11-01,Unexplained electricity inflation (pct pts),pct pts,-3.8018
2021-12-01,Unexplained electricity inflation (pct pts),pct pts,-5.1535
2022-01-01,Unexplained electricity inflation (pct pts),pct pts,-2.4258
2022-02-01,Unexplained electricity inflation (pct pts),pct pts,-1.4903
2022-03-01,Unexplained electricity inflation (pct pts),pct pts,-4.4053
2022-04-01,Unexplained electricity inflation (pct pts),pct pts,-2.9067
2022-05-01,Unexplained electricity inflation (pct pts),pct pts,-0.6146
2022-06-01,Unexplained electricity inflation (pct pts),pct pts,3.2108
2022-07-01,Unexplained electricity inflation (pct pts),pct pts,5.18
2022-08-01,Unexplained electricity inflation (pct pts),pct pts,9.1013
2022-09-01,Unexplained electricity inflation (pct pts),pct pts,5.8887
2022-10-01,Unexplained electricity inflation (pct pts),pct pts,5.2259
2022-11-01,Unexplained electricity inflation (pct pts),pct pts,2.6707
2022-12-01,Unexplained electricity inflation (pct pts),pct pts,6.1634
2023-01-01,Unexplained electricity inflation (pct pts),pct pts,5.844
2023-02-01,Unexplained electricity inflation (pct pts),pct pts,4.5368
2023-03-01,Unexplained electricity inflation (pct pts),pct pts,4.7315
2023-04-01,Unexplained electricity inflation (pct pts),pct pts,4.937
2023-05-01,Unexplained electricity inflation (pct pts),pct pts,3.3958
2023-06-01,Unexplained electricity inflation (pct pts),pct pts,2.2076
2023-07-01,Unexplained electricity inflation (pct pts),pct pts,1.1676
2023-08-01,Unexplained electricity inflation (pct pts),pct pts,0.293
2023-09-01,Unexplained electricity inflation (pct pts),pct pts,1.042
2023-10-01,Unexplained electricity inflation (pct pts),pct pts,1.3275
2023-11-01,Unexplained electricity inflation (pct pts),pct pts,2.9028
2023-12-01,Unexplained electricity inflation (pct pts),pct pts,2.0287
2024-01-01,Unexplained electricity inflation (pct pts),pct pts,2.5722
2024-02-01,Unexplained electricity inflation (pct pts),pct pts,2.6959
2024-03-01,Unexplained electricity inflation (pct pts),pct pts,4.0963
2024-04-01,Unexplained electricity inflation (pct pts),pct pts,3.6176
2024-05-01,Unexplained electricity inflation (pct pts),pct pts,5.0329
2024-06-01,Unexplained electricity inflation (pct pts),pct pts,4.0672
2024-07-01,Unexplained electricity inflation (pct pts),pct pts,3.0278
2024-08-01,Unexplained electricity inflation (pct pts),pct pts,2.9441
2024-09-01,Unexplained electricity inflation (pct pts),pct pts,3.3405
2024-10-01,Unexplained electricity inflation (pct pts),pct pts,3.5274
2024-11-01,Unexplained electricity inflation (pct pts),pct pts,2.6254
2024-12-01,Unexplained electricity inflation (pct pts),pct pts,1.2814
2025-01-01,Unexplained electricity inflation (pct pts),pct pts,1.649
2025-02-01,Unexplained electricity inflation (pct pts),pct pts,1.9561
2025-03-01,Unexplained electricity inflation (pct pts),pct pts,2.598
2025-04-01,Unexplained electricity inflation (pct pts),pct pts,3.6606
2025-05-01,Unexplained electricity inflation (pct pts),pct pts,2.8447
2025-06-01,Unexplained electricity inflation (pct pts),pct pts,3.9614
2025-07-01,Unexplained electricity inflation (pct pts),pct pts,3.0019
2025-08-01,Unexplained electricity inflation (pct pts),pct pts,0.2758
2025-09-01,Unexplained electricity inflation (pct pts),pct pts,-2.6018
2025-11-01,Unexplained electricity inflation (pct pts),pct pts,3.6871
2025-12-01,Unexplained electricity inflation (pct pts),pct pts,4.6492
2026-01-01,Unexplained electricity inflation (pct pts),pct pts,3.6037
2026-02-01,Unexplained electricity inflation (pct pts),pct pts,2.1607
2026-03-01,Unexplained electricity inflation (pct pts),pct pts,1.2791
2026-04-01,Unexplained electricity inflation (pct pts),pct pts,2.552
2026-05-01,Unexplained electricity inflation (pct pts),pct pts,1.602
2026-06-01,Unexplained electricity inflation (pct pts),pct pts,-0.0144
